pair_id,complaint_a_id,complaint_b_id,complaint_a,complaint_b,category_a,category_b,latitude_a,longitude_a,latitude_b,longitude_b,timestamp_a,timestamp_b,label,incident_id
P0001,C0001,C0002,Damaged section of road near VIT Main Gate needs repair.,Deep road crater causing problems for vehicles at VIT Main Gate.,Roads & Transport,Roads & Transport,12.8407,80.1538,12.839869632214446,80.1545094136425,2026-09-22T18:00:00,2026-09-24T08:00:00,duplicate,I0001
P0002,C0003,C0004,Drain is blocked near Perungalathur Bus Stop.,Drain is blocked near Perungalathur Bus Stop.,Drainage & Flooding,Drainage & Flooding,12.9048,80.091,12.903581085719585,80.09019798268017,2026-09-20T07:00:00,2026-09-22T10:00:00,duplicate,I0002
P0003,C0005,C0006,Water is overflowing from the drain at Perungalathur Bus Stop.,The roadside drain is clogged near Perungalathur Bus Stop.,Drainage & Flooding,Drainage & Flooding,12.9048,80.091,12.905067797051627,80.09192829137002,2026-09-01T19:00:00,2026-09-01T18:00:00,duplicate,I0003
P0004,C0007,C0008,The light pole near Medavakkam Junction is damaged and the light is off.,A broken street light has been reported at Medavakkam Junction.,Street Infrastructure,Street Infrastructure,12.9227,80.1927,12.921845941286323,80.19349048238702,2026-09-04T08:00:00,2026-09-05T08:00:00,duplicate,I0004
P0005,C0009,C0010,Water is escaping onto the road from a damaged pipe at Medavakkam Junction.,Continuous water leakage reported close to Medavakkam Junction.,Water & Utilities,Water & Utilities,12.9227,80.1927,12.923621384819825,80.19338919536008,2026-09-18T08:00:00,2026-09-19T08:00:00,duplicate,I0005
P0006,C0011,C0012,Drain overflow reported close to Velachery Main Road after rainfall.,Blocked drainage is causing waterlogging around Velachery Main Road.,Drainage & Flooding,Drainage & Flooding,12.9815,80.218,12.98173205643577,80.21861371550865,2026-09-02T17:00:00,2026-09-02T19:00:00,duplicate,I0006
P0007,C0013,C0014,A damaged water pipeline is leaking around Tambaram Railway Station.,Water is leaking from a pipe near Tambaram Railway Station.,Water & Utilities,Water & Utilities,12.9249,80.1,12.924540378675117,80.0998602309071,2026-09-12T09:00:00,2026-09-13T12:00:00,duplicate,I0007
P0008,C0015,C0016,Garbage has been dumped near Velachery Main Road.,Uncollected waste is causing a cleanliness issue near Velachery Main Road.,Waste & Cleanliness,Waste & Cleanliness,12.9815,80.218,12.981904934864591,80.2181024196311,2026-09-08T09:00:00,2026-09-09T13:00:00,duplicate,I0008
P0009,C0017,C0018,A damaged water pipeline is leaking around GST Road.,Continuous water leakage reported close to GST Road.,Water & Utilities,Water & Utilities,12.9366,80.135,12.93762855576057,80.13582799973464,2026-09-08T20:00:00,2026-09-08T19:00:00,duplicate,I0009
P0010,C0019,C0020,Continuous water leakage reported close to Perungalathur Bus Stop.,Water is leaking from a pipe near Perungalathur Bus Stop.,Water & Utilities,Water & Utilities,12.9048,80.091,12.903932948530759,80.092328729143,2026-09-23T12:00:00,2026-09-23T17:00:00,duplicate,I0010
P0011,C0021,C0022,There is no working street lighting around Perungalathur Bus Stop.,A broken street light has been reported at Perungalathur Bus Stop.,Street Infrastructure,Street Infrastructure,12.9048,80.091,12.904094640499494,80.09023988252308,2026-09-18T15:00:00,2026-09-19T18:00:00,duplicate,I0011
P0012,C0023,C0024,Drain overflow reported close to Perungalathur Bus Stop after rainfall.,The roadside drain is clogged near Perungalathur Bus Stop.,Drainage & Flooding,Drainage & Flooding,12.9048,80.091,12.904385989331141,80.09249197733396,2026-09-05T15:00:00,2026-09-06T08:00:00,duplicate,I0012
P0013,C0025,C0026,Deep road crater causing problems for vehicles at Tambaram Railway Station.,Deep road crater causing problems for vehicles at Tambaram Railway Station.,Roads & Transport,Roads & Transport,12.9249,80.1,12.925776238093087,80.0997664799004,2026-09-03T13:00:00,2026-09-04T16:00:00,duplicate,I0013
P0014,C0027,C0028,The light pole near GST Road is damaged and the light is off.,A faulty streetlight is causing poor visibility near GST Road.,Street Infrastructure,Street Infrastructure,12.9366,80.135,12.937682339106704,80.13353444306583,2026-09-24T08:00:00,2026-09-26T15:00:00,duplicate,I0014
P0015,C0029,C0030,Water is leaking from a pipe near Medavakkam Junction.,Continuous water leakage reported close to Medavakkam Junction.,Water & Utilities,Water & Utilities,12.9227,80.1927,12.922504295752008,80.192561171119,2026-09-24T18:00:00,2026-09-25T15:00:00,duplicate,I0015
P0016,C0031,C0032,Garbage has been dumped near GST Road.,The public bin is overflowing near GST Road.,Waste & Cleanliness,Waste & Cleanliness,12.9366,80.135,12.937625008044519,80.13502298864594,2026-09-07T09:00:00,2026-09-08T19:00:00,duplicate,I0016
P0017,C0033,C0034,Uncollected waste is causing a cleanliness issue near GST Road.,Garbage has been dumped near GST Road.,Waste & Cleanliness,Waste & Cleanliness,12.9366,80.135,12.936896833753382,80.1349658171241,2026-09-04T12:00:00,2026-09-05T10:00:00,duplicate,I0017
P0018,C0035,C0036,Road surface has broken badly close to Pallavaram Market.,Large pothole reported near Pallavaram Market.,Roads & Transport,Roads & Transport,12.9675,80.1491,12.966256960356203,80.14905797138995,2026-09-03T19:00:00,2026-09-05T19:00:00,duplicate,I0018
P0019,C0037,C0038,A large pile of rubbish is present at Chromepet Bus Stand.,Uncollected waste is causing a cleanliness issue near Chromepet Bus Stand.,Waste & Cleanliness,Waste & Cleanliness,12.9516,80.1462,12.950595380876921,80.14628302136225,2026-09-20T13:00:00,2026-09-20T15:00:00,duplicate,I0019
P0020,C0039,C0040,A large pile of rubbish is present at Velachery Main Road.,The public bin is overflowing near Velachery Main Road.,Waste & Cleanliness,Waste & Cleanliness,12.9815,80.218,12.981314300251745,80.21805272752312,2026-09-04T10:00:00,2026-09-04T08:00:00,duplicate,I0020
P0021,C0041,C0042,Water is escaping onto the road from a damaged pipe at VIT Main Gate.,Water is escaping onto the road from a damaged pipe at VIT Main Gate.,Water & Utilities,Water & Utilities,12.8407,80.1538,12.839890344197789,80.15296065215335,2026-09-03T18:00:00,2026-09-05T07:00:00,duplicate,I0021
P0022,C0043,C0044,Garbage has been dumped near Tambaram Railway Station.,The public bin is overflowing near Tambaram Railway Station.,Waste & Cleanliness,Waste & Cleanliness,12.9249,80.1,12.923612572049665,80.09921401390311,2026-09-22T14:00:00,2026-09-22T15:00:00,duplicate,I0022
P0023,C0045,C0046,Uncollected waste is causing a cleanliness issue near Camp Road.,A large pile of rubbish is present at Camp Road.,Waste & Cleanliness,Waste & Cleanliness,12.9122,80.1395,12.911428991727188,80.13941891882884,2026-09-14T10:00:00,2026-09-14T08:00:00,duplicate,I0023
P0024,C0047,C0048,There is no working street lighting around Medavakkam Junction.,There is no working street lighting around Medavakkam Junction.,Street Infrastructure,Street Infrastructure,12.9227,80.1927,12.922601074004112,80.19338722754838,2026-09-22T17:00:00,2026-09-24T08:00:00,duplicate,I0024
P0025,C0049,C0050,Damaged section of road near Perungalathur Bus Stop needs repair.,Large pothole reported near Perungalathur Bus Stop.,Roads & Transport,Roads & Transport,12.9048,80.091,12.90404596900176,80.09007062672532,2026-09-15T09:00:00,2026-09-16T09:00:00,duplicate,I0025
P0026,C0051,C0052,A damaged water pipeline is leaking around Sholinganallur Junction.,Water is leaking from a pipe near Sholinganallur Junction.,Water & Utilities,Water & Utilities,12.901,80.2279,12.90082939223516,80.22898404731428,2026-09-18T08:00:00,2026-09-18T17:00:00,duplicate,I0026
P0027,C0053,C0054,Drain is blocked near VIT Main Gate.,Water is overflowing from the drain at VIT Main Gate.,Drainage & Flooding,Drainage & Flooding,12.8407,80.1538,12.839698933331812,80.15375692337635,2026-09-07T20:00:00,2026-09-08T07:00:00,duplicate,I0027
P0028,C0055,C0056,Garbage has been dumped near Perungalathur Bus Stop.,A large pile of rubbish is present at Perungalathur Bus Stop.,Waste & Cleanliness,Waste & Cleanliness,12.9048,80.091,12.904095609174517,80.09185221180584,2026-09-15T11:00:00,2026-09-16T18:00:00,duplicate,I0028
P0029,C0057,C0058,Water is overflowing from the drain at Sholinganallur Junction.,Water is overflowing from the drain at Sholinganallur Junction.,Drainage & Flooding,Drainage & Flooding,12.901,80.2279,12.900390123476484,80.22930612809492,2026-09-19T18:00:00,2026-09-21T07:00:00,duplicate,I0029
P0030,C0059,C0060,Water is leaking from a pipe near VIT Main Gate.,Water is escaping onto the road from a damaged pipe at VIT Main Gate.,Water & Utilities,Water & Utilities,12.8407,80.1538,12.840630365551327,80.1550581613925,2026-09-17T09:00:00,2026-09-17T15:00:00,duplicate,I0030
P0031,C0061,C0062,Large pothole reported near Chromepet Bus Stand.,Road surface has broken badly close to Chromepet Bus Stand.,Roads & Transport,Roads & Transport,12.9516,80.1462,12.950303882590127,80.1472854576059,2026-09-13T08:00:00,2026-09-15T10:00:00,duplicate,I0031
P0032,C0063,C0064,Drain is blocked near Camp Road.,Drain overflow reported close to Camp Road after rainfall.,Drainage & Flooding,Drainage & Flooding,12.9122,80.1395,12.910945950216485,80.13997211949342,2026-09-19T15:00:00,2026-09-20T11:00:00,duplicate,I0032
P0033,C0065,C0066,Waste is accumulating around Medavakkam Junction.,The public bin is overflowing near Medavakkam Junction.,Waste & Cleanliness,Waste & Cleanliness,12.9227,80.1927,12.922387357540375,80.19321507066888,2026-09-10T14:00:00,2026-09-11T19:00:00,duplicate,I0033
P0034,C0067,C0068,Vehicles are struggling because of a pothole around VIT Main Gate.,Road surface has broken badly close to VIT Main Gate.,Roads & Transport,Roads & Transport,12.8407,80.1538,12.842195363322563,80.15528828934357,2026-09-03T15:00:00,2026-09-03T15:00:00,duplicate,I0034
P0035,C0069,C0070,Continuous water leakage reported close to Chromepet Bus Stand.,Water is leaking from a pipe near Chromepet Bus Stand.,Water & Utilities,Water & Utilities,12.9516,80.1462,12.952737810727452,80.14580858126621,2026-09-06T14:00:00,2026-09-08T18:00:00,duplicate,I0035
P0036,C0071,C0072,Water is escaping onto the road from a damaged pipe at Camp Road.,Water is leaking from a pipe near Camp Road.,Water & Utilities,Water & Utilities,12.9122,80.1395,12.912703589611137,80.13966380684747,2026-09-22T08:00:00,2026-09-22T11:00:00,duplicate,I0036
P0037,C0073,C0074,Road surface has broken badly close to Tambaram Railway Station.,Deep road crater causing problems for vehicles at Tambaram Railway Station.,Roads & Transport,Roads & Transport,12.9249,80.1,12.924217044636944,80.10031448948108,2026-09-23T12:00:00,2026-09-23T17:00:00,duplicate,I0037
P0038,C0075,C0076,A burst pipe is causing water loss near GST Road.,Continuous water leakage reported close to GST Road.,Water & Utilities,Water & Utilities,12.9366,80.135,12.937816009473238,80.13603831113988,2026-09-03T17:00:00,2026-09-04T20:00:00,duplicate,I0038
P0039,C0077,C0078,Water is leaking from a pipe near VIT Main Gate.,Continuous water leakage reported close to VIT Main Gate.,Water & Utilities,Water & Utilities,12.8407,80.1538,12.84151335766906,80.15421134013191,2026-09-09T09:00:00,2026-09-11T14:00:00,duplicate,I0039
P0040,C0079,C0080,Drain overflow reported close to Perungalathur Bus Stop after rainfall.,Drain is blocked near Perungalathur Bus Stop.,Drainage & Flooding,Drainage & Flooding,12.9048,80.091,12.903635621641769,80.09233515281713,2026-09-23T09:00:00,2026-09-25T07:00:00,duplicate,I0040
P0041,C0081,C0082,Water is escaping onto the road from a damaged pipe at Camp Road.,A damaged water pipeline is leaking around Camp Road.,Water & Utilities,Water & Utilities,12.9122,80.1395,12.911989360138643,80.13812548657451,2026-09-12T19:00:00,2026-09-12T12:00:00,duplicate,I0041
P0042,C0083,C0084,Garbage has been dumped near Pallavaram Market.,The public bin is overflowing near Pallavaram Market.,Waste & Cleanliness,Waste & Cleanliness,12.9675,80.1491,12.968340348725613,80.15025240410436,2026-09-14T16:00:00,2026-09-16T09:00:00,duplicate,I0042
P0043,C0085,C0086,Waste is accumulating around Chromepet Bus Stand.,A large pile of rubbish is present at Chromepet Bus Stand.,Waste & Cleanliness,Waste & Cleanliness,12.9516,80.1462,12.950174359085693,80.14690969341525,2026-09-11T19:00:00,2026-09-12T19:00:00,duplicate,I0043
P0044,C0087,C0088,Waste is accumulating around Velachery Main Road.,Garbage has been dumped near Velachery Main Road.,Waste & Cleanliness,Waste & Cleanliness,12.9815,80.218,12.981147625167791,80.216616173823,2026-09-16T10:00:00,2026-09-16T20:00:00,duplicate,I0044
P0045,C0089,C0090,The light pole near Medavakkam Junction is damaged and the light is off.,A broken street light has been reported at Medavakkam Junction.,Street Infrastructure,Street Infrastructure,12.9227,80.1927,12.921868770641618,80.19318009954824,2026-09-13T12:00:00,2026-09-14T20:00:00,duplicate,I0045
P0046,C0091,C0092,Damaged section of road near Velachery Main Road needs repair.,Road surface has broken badly close to Velachery Main Road.,Roads & Transport,Roads & Transport,12.9815,80.218,12.98119903515308,80.2194434490616,2026-09-18T12:00:00,2026-09-18T08:00:00,duplicate,I0046
P0047,C0093,C0094,Water is escaping onto the road from a damaged pipe at Chromepet Bus Stand.,Continuous water leakage reported close to Chromepet Bus Stand.,Water & Utilities,Water & Utilities,12.9516,80.1462,12.950214771592059,80.14648971376495,2026-09-12T18:00:00,2026-09-13T13:00:00,duplicate,I0047
P0048,C0095,C0096,Drain is blocked near GST Road.,The roadside drain is clogged near GST Road.,Drainage & Flooding,Drainage & Flooding,12.9366,80.135,12.937798514198734,80.13407023632351,2026-09-02T18:00:00,2026-09-03T07:00:00,duplicate,I0048
P0049,C0097,C0098,Water is overflowing from the drain at GST Road.,Blocked drainage is causing waterlogging around GST Road.,Drainage & Flooding,Drainage & Flooding,12.9366,80.135,12.936393892198875,80.13634662345792,2026-09-11T16:00:00,2026-09-12T17:00:00,duplicate,I0049
P0050,C0099,C0100,Road surface has broken badly close to Velachery Main Road.,Damaged section of road near Velachery Main Road needs repair.,Roads & Transport,Roads & Transport,12.9815,80.218,12.982000678712318,80.21747854871458,2026-09-23T11:00:00,2026-09-25T09:00:00,duplicate,I0050
P0051,C0101,C0102,A large pile of rubbish is present at Perungalathur Bus Stop.,Waste is accumulating around Perungalathur Bus Stop.,Waste & Cleanliness,Waste & Cleanliness,12.9048,80.091,12.905146544747854,80.09040284962369,2026-09-18T20:00:00,2026-09-18T11:00:00,duplicate,I0051
P0052,C0103,C0104,A burst pipe is causing water loss near Pallavaram Market.,Water is escaping onto the road from a damaged pipe at Pallavaram Market.,Water & Utilities,Water & Utilities,12.9675,80.1491,12.967819984711438,80.14856674768922,2026-09-15T14:00:00,2026-09-17T10:00:00,duplicate,I0052
P0053,C0105,C0106,Water is overflowing from the drain at Sholinganallur Junction.,Drain is blocked near Sholinganallur Junction.,Drainage & Flooding,Drainage & Flooding,12.901,80.2279,12.900351359214978,80.22839156150891,2026-09-20T12:00:00,2026-09-20T20:00:00,duplicate,I0053
P0054,C0107,C0108,Waste is accumulating around Velachery Main Road.,Waste is accumulating around Velachery Main Road.,Waste & Cleanliness,Waste & Cleanliness,12.9815,80.218,12.980442061886738,80.21663864115428,2026-09-16T16:00:00,2026-09-16T14:00:00,duplicate,I0054
P0055,C0109,C0110,A broken street light has been reported at Camp Road.,There is no working street lighting around Camp Road.,Street Infrastructure,Street Infrastructure,12.9122,80.1395,12.912183131507032,80.13873195331874,2026-09-21T18:00:00,2026-09-21T19:00:00,duplicate,I0055
P0056,C0111,C0112,Deep road crater causing problems for vehicles at Perungalathur Bus Stop.,Deep road crater causing problems for vehicles at Perungalathur Bus Stop.,Roads & Transport,Roads & Transport,12.9048,80.091,12.90571232956852,80.09158773532921,2026-09-15T07:00:00,2026-09-17T10:00:00,duplicate,I0056
P0057,C0113,C0114,Deep road crater causing problems for vehicles at Sholinganallur Junction.,Vehicles are struggling because of a pothole around Sholinganallur Junction.,Roads & Transport,Roads & Transport,12.901,80.2279,12.90150273319776,80.2293636773592,2026-09-20T12:00:00,2026-09-21T16:00:00,duplicate,I0057
P0058,C0115,C0116,Drain overflow reported close to Perungalathur Bus Stop after rainfall.,The roadside drain is clogged near Perungalathur Bus Stop.,Drainage & Flooding,Drainage & Flooding,12.9048,80.091,12.9059916243097,80.09173096632647,2026-09-16T14:00:00,2026-09-17T19:00:00,duplicate,I0058
P0059,C0117,C0118,Uncollected waste is causing a cleanliness issue near Velachery Main Road.,A large pile of rubbish is present at Velachery Main Road.,Waste & Cleanliness,Waste & Cleanliness,12.9815,80.218,12.981880245310945,80.21732379234075,2026-09-03T18:00:00,2026-09-04T10:00:00,duplicate,I0059
P0060,C0119,C0120,Continuous water leakage reported close to Medavakkam Junction.,Water is escaping onto the road from a damaged pipe at Medavakkam Junction.,Water & Utilities,Water & Utilities,12.9227,80.1927,12.921441732972974,80.19165249197404,2026-09-13T18:00:00,2026-09-13T18:00:00,duplicate,I0060
P0061,C0121,C0122,A large pile of rubbish is present at Tambaram Railway Station.,A large pile of rubbish is present at Tambaram Railway Station.,Waste & Cleanliness,Waste & Cleanliness,12.9249,80.1,12.924392644173114,80.09989777291005,2026-09-02T10:00:00,2026-09-03T13:00:00,duplicate,I0061
P0062,C0123,C0124,Drain overflow reported close to VIT Main Gate after rainfall.,The roadside drain is clogged near VIT Main Gate.,Drainage & Flooding,Drainage & Flooding,12.8407,80.1538,12.840630939197672,80.1551282249723,2026-09-10T19:00:00,2026-09-11T20:00:00,duplicate,I0062
P0063,C0125,C0126,A faulty streetlight is causing poor visibility near GST Road.,A faulty streetlight is causing poor visibility near GST Road.,Street Infrastructure,Street Infrastructure,12.9366,80.135,12.937793434042199,80.13496468843266,2026-09-09T13:00:00,2026-09-10T07:00:00,duplicate,I0063
P0064,C0127,C0128,There is no working street lighting around Medavakkam Junction.,A broken street light has been reported at Medavakkam Junction.,Street Infrastructure,Street Infrastructure,12.9227,80.1927,12.923721516989188,80.193958624862,2026-09-20T15:00:00,2026-09-20T13:00:00,duplicate,I0064
P0065,C0129,C0130,Drain is blocked near Camp Road.,Drain is blocked near Camp Road.,Drainage & Flooding,Drainage & Flooding,12.9122,80.1395,12.912628248944028,80.13840709846168,2026-09-15T09:00:00,2026-09-15T11:00:00,duplicate,I0065
P0066,C0131,C0132,A broken street light has been reported at Medavakkam Junction.,There is no working street lighting around Medavakkam Junction.,Street Infrastructure,Street Infrastructure,12.9227,80.1927,12.922180537414645,80.19348368912368,2026-09-13T11:00:00,2026-09-14T11:00:00,duplicate,I0066
P0067,C0133,C0134,Large pothole reported near Sholinganallur Junction.,Road surface has broken badly close to Sholinganallur Junction.,Roads & Transport,Roads & Transport,12.901,80.2279,12.899656256824729,80.22925575907715,2026-09-08T17:00:00,2026-09-08T19:00:00,duplicate,I0067
P0068,C0135,C0136,Deep road crater causing problems for vehicles at VIT Main Gate.,Deep road crater causing problems for vehicles at VIT Main Gate.,Roads & Transport,Roads & Transport,12.8407,80.1538,12.841717686538853,80.15416400696976,2026-09-08T09:00:00,2026-09-09T17:00:00,duplicate,I0068
P0069,C0137,C0138,Deep road crater causing problems for vehicles at Camp Road.,Vehicles are struggling because of a pothole around Camp Road.,Roads & Transport,Roads & Transport,12.9122,80.1395,12.91279839491374,80.14030069429506,2026-09-06T16:00:00,2026-09-08T18:00:00,duplicate,I0069
P0070,C0139,C0140,Damaged section of road near Chromepet Bus Stand needs repair.,Large pothole reported near Chromepet Bus Stand.,Roads & Transport,Roads & Transport,12.9516,80.1462,12.951836054197527,80.14748666150521,2026-09-19T17:00:00,2026-09-20T13:00:00,duplicate,I0070
P0071,C0141,C0142,Uncollected waste is causing a cleanliness issue near Tambaram Railway Station.,Waste is accumulating around Tambaram Railway Station.,Waste & Cleanliness,Waste & Cleanliness,12.9249,80.1,12.923705703916337,80.10081744265484,2026-09-22T16:00:00,2026-09-22T19:00:00,duplicate,I0071
P0072,C0143,C0144,Blocked drainage is causing waterlogging around VIT Main Gate.,Drain overflow reported close to VIT Main Gate after rainfall.,Drainage & Flooding,Drainage & Flooding,12.8407,80.1538,12.840485134039705,80.15341171262865,2026-09-17T17:00:00,2026-09-18T07:00:00,duplicate,I0072
P0073,C0145,C0146,Streetlight is not working near Sholinganallur Junction.,There is no working street lighting around Sholinganallur Junction.,Street Infrastructure,Street Infrastructure,12.901,80.2279,12.902382362701644,80.22830675531831,2026-09-15T18:00:00,2026-09-15T13:00:00,duplicate,I0073
P0074,C0147,C0148,The public bin is overflowing near GST Road.,Uncollected waste is causing a cleanliness issue near GST Road.,Waste & Cleanliness,Waste & Cleanliness,12.9366,80.135,12.93752459765642,80.13511451871935,2026-09-16T14:00:00,2026-09-17T20:00:00,duplicate,I0074
P0075,C0149,C0150,Blocked drainage is causing waterlogging around Velachery Main Road.,Water is overflowing from the drain at Velachery Main Road.,Drainage & Flooding,Drainage & Flooding,12.9815,80.218,12.982492193056672,80.21675998869416,2026-09-15T10:00:00,2026-09-16T16:00:00,duplicate,I0075
P0076,C0151,C0152,Blocked drainage is causing waterlogging around Perungalathur Bus Stop.,Drain is blocked near Perungalathur Bus Stop.,Drainage & Flooding,Drainage & Flooding,12.9048,80.091,12.904782919510847,80.09047504250366,2026-09-16T10:00:00,2026-09-17T19:00:00,duplicate,I0076
P0077,C0153,C0154,Continuous water leakage reported close to Medavakkam Junction.,Water is escaping onto the road from a damaged pipe at Medavakkam Junction.,Water & Utilities,Water & Utilities,12.9227,80.1927,12.923303551250998,80.19202880572728,2026-09-01T15:00:00,2026-09-01T08:00:00,duplicate,I0077
P0078,C0155,C0156,A large pile of rubbish is present at Perungalathur Bus Stop.,Uncollected waste is causing a cleanliness issue near Perungalathur Bus Stop.,Waste & Cleanliness,Waste & Cleanliness,12.9048,80.091,12.905574493960447,80.09157182801833,2026-09-21T18:00:00,2026-09-22T14:00:00,duplicate,I0078
P0079,C0157,C0158,Damaged section of road near Tambaram Railway Station needs repair.,Deep road crater causing problems for vehicles at Tambaram Railway Station.,Roads & Transport,Roads & Transport,12.9249,80.1,12.924613203386032,80.09922991549162,2026-09-22T16:00:00,2026-09-23T14:00:00,duplicate,I0079
P0080,C0159,C0160,Blocked drainage is causing waterlogging around GST Road.,The roadside drain is clogged near GST Road.,Drainage & Flooding,Drainage & Flooding,12.9366,80.135,12.938089894391878,80.13515116541828,2026-09-12T18:00:00,2026-09-13T11:00:00,duplicate,I0080
P0081,C0161,C0162,A damaged water pipeline is leaking around Velachery Main Road.,Water is leaking from a pipe near Velachery Main Road.,Water & Utilities,Water & Utilities,12.9815,80.218,12.98216385299398,80.21744664383202,2026-09-24T15:00:00,2026-09-26T09:00:00,duplicate,I0081
P0082,C0163,C0164,A large pile of rubbish is present at Pallavaram Market.,The public bin is overflowing near Pallavaram Market.,Waste & Cleanliness,Waste & Cleanliness,12.9675,80.1491,12.968173755003278,80.15052982106866,2026-09-17T16:00:00,2026-09-18T08:00:00,duplicate,I0082
P0083,C0165,C0166,Waste is accumulating around Velachery Main Road.,The public bin is overflowing near Velachery Main Road.,Waste & Cleanliness,Waste & Cleanliness,12.9815,80.218,12.980538324631057,80.21654244510177,2026-09-18T09:00:00,2026-09-19T07:00:00,duplicate,I0083
P0084,C0167,C0168,Damaged section of road near GST Road needs repair.,Deep road crater causing problems for vehicles at GST Road.,Roads & Transport,Roads & Transport,12.9366,80.135,12.937013608965318,80.13575837652738,2026-09-04T20:00:00,2026-09-04T16:00:00,duplicate,I0084
P0085,C0169,C0170,A burst pipe is causing water loss near Sholinganallur Junction.,A burst pipe is causing water loss near Sholinganallur Junction.,Water & Utilities,Water & Utilities,12.901,80.2279,12.900522117797681,80.22929649292942,2026-09-09T20:00:00,2026-09-10T08:00:00,duplicate,I0085
P0086,C0171,C0172,Vehicles are struggling because of a pothole around Perungalathur Bus Stop.,Large pothole reported near Perungalathur Bus Stop.,Roads & Transport,Roads & Transport,12.9048,80.091,12.905031063469412,80.09155935305476,2026-09-05T09:00:00,2026-09-07T11:00:00,duplicate,I0086
P0087,C0173,C0174,Large pothole reported near Pallavaram Market.,Road surface has broken badly close to Pallavaram Market.,Roads & Transport,Roads & Transport,12.9675,80.1491,12.968293330335978,80.14941895295374,2026-09-20T10:00:00,2026-09-22T13:00:00,duplicate,I0087
P0088,C0175,C0176,The light pole near Sholinganallur Junction is damaged and the light is off.,A faulty streetlight is causing poor visibility near Sholinganallur Junction.,Street Infrastructure,Street Infrastructure,12.901,80.2279,12.9024700937814,80.22731614073297,2026-09-20T07:00:00,2026-09-22T18:00:00,duplicate,I0088
P0089,C0177,C0178,Deep road crater causing problems for vehicles at Pallavaram Market.,Damaged section of road near Pallavaram Market needs repair.,Roads & Transport,Roads & Transport,12.9675,80.1491,12.967981284411575,80.14807117128015,2026-09-06T15:00:00,2026-09-06T09:00:00,duplicate,I0089
P0090,C0179,C0180,Vehicles are struggling because of a pothole around Perungalathur Bus Stop.,Road surface has broken badly close to Perungalathur Bus Stop.,Roads & Transport,Roads & Transport,12.9048,80.091,12.904709737437022,80.08959791956613,2026-09-10T18:00:00,2026-09-11T18:00:00,duplicate,I0090
P0091,C0181,C0182,A broken street light has been reported at Tambaram Railway Station.,The light pole near Tambaram Railway Station is damaged and the light is off.,Street Infrastructure,Street Infrastructure,12.9249,80.1,12.925763484079939,80.1003751740215,2026-09-22T19:00:00,2026-09-22T13:00:00,duplicate,I0091
P0092,C0183,C0184,Deep road crater causing problems for vehicles at GST Road.,Deep road crater causing problems for vehicles at GST Road.,Roads & Transport,Roads & Transport,12.9366,80.135,12.937825234335639,80.13597989347896,2026-09-03T07:00:00,2026-09-03T19:00:00,duplicate,I0092
P0093,C0185,C0186,Water is escaping onto the road from a damaged pipe at Camp Road.,Continuous water leakage reported close to Camp Road.,Water & Utilities,Water & Utilities,12.9122,80.1395,12.912017460346021,80.13940609391082,2026-09-10T18:00:00,2026-09-11T11:00:00,duplicate,I0093
P0094,C0187,C0188,The roadside drain is clogged near GST Road.,The roadside drain is clogged near GST Road.,Drainage & Flooding,Drainage & Flooding,12.9366,80.135,12.935341325555699,80.13361958235255,2026-09-14T18:00:00,2026-09-15T16:00:00,duplicate,I0094
P0095,C0189,C0190,Water is leaking from a pipe near VIT Main Gate.,A damaged water pipeline is leaking around VIT Main Gate.,Water & Utilities,Water & Utilities,12.8407,80.1538,12.842085733306579,80.15480787584173,2026-09-19T16:00:00,2026-09-19T19:00:00,duplicate,I0095
P0096,C0191,C0192,Water is leaking from a pipe near Camp Road.,A damaged water pipeline is leaking around Camp Road.,Water & Utilities,Water & Utilities,12.9122,80.1395,12.912111502469756,80.1399545284683,2026-09-09T09:00:00,2026-09-11T13:00:00,duplicate,I0096
P0097,C0193,C0194,There is no working street lighting around Tambaram Railway Station.,The light pole near Tambaram Railway Station is damaged and the light is off.,Street Infrastructure,Street Infrastructure,12.9249,80.1,12.924625044280289,80.09946317476786,2026-09-04T20:00:00,2026-09-04T12:00:00,duplicate,I0097
P0098,C0195,C0196,The light pole near Sholinganallur Junction is damaged and the light is off.,There is no working street lighting around Sholinganallur Junction.,Street Infrastructure,Street Infrastructure,12.901,80.2279,12.901940698104214,80.22805028982692,2026-09-15T08:00:00,2026-09-16T11:00:00,duplicate,I0098
P0099,C0197,C0198,A burst pipe is causing water loss near Tambaram Railway Station.,Water is escaping onto the road from a damaged pipe at Tambaram Railway Station.,Water & Utilities,Water & Utilities,12.9249,80.1,12.925874781609805,80.09850345320234,2026-09-18T14:00:00,2026-09-19T07:00:00,duplicate,I0099
P0100,C0199,C0200,The public bin is overflowing near GST Road.,Uncollected waste is causing a cleanliness issue near GST Road.,Waste & Cleanliness,Waste & Cleanliness,12.9366,80.135,12.937369329462166,80.13537622622644,2026-09-25T07:00:00,2026-09-25T11:00:00,duplicate,I0100
P0101,C0201,C0202,Blocked drainage is causing waterlogging around Chromepet Bus Stand.,The roadside drain is clogged near Chromepet Bus Stand.,Drainage & Flooding,Drainage & Flooding,12.9516,80.1462,12.952742539852073,80.14615413539084,2026-09-01T17:00:00,2026-09-03T19:00:00,duplicate,I0101
P0102,C0203,C0204,The public bin is overflowing near Chromepet Bus Stand.,Uncollected waste is causing a cleanliness issue near Chromepet Bus Stand.,Waste & Cleanliness,Waste & Cleanliness,12.9516,80.1462,12.950141023393398,80.14592397206187,2026-09-08T20:00:00,2026-09-08T14:00:00,duplicate,I0102
P0103,C0205,C0206,Vehicles are struggling because of a pothole around Chromepet Bus Stand.,Damaged section of road near Chromepet Bus Stand needs repair.,Roads & Transport,Roads & Transport,12.9516,80.1462,12.951626616045207,80.14552027469013,2026-09-16T14:00:00,2026-09-16T14:00:00,duplicate,I0103
P0104,C0207,C0208,The roadside drain is clogged near Chromepet Bus Stand.,Water is overflowing from the drain at Chromepet Bus Stand.,Drainage & Flooding,Drainage & Flooding,12.9516,80.1462,12.952865604449794,80.14622472267477,2026-09-05T20:00:00,2026-09-05T11:00:00,duplicate,I0104
P0105,C0209,C0210,A faulty streetlight is causing poor visibility near Medavakkam Junction.,The light pole near Medavakkam Junction is damaged and the light is off.,Street Infrastructure,Street Infrastructure,12.9227,80.1927,12.923661648419557,80.19204851694985,2026-09-10T20:00:00,2026-09-12T16:00:00,duplicate,I0105
P0106,C0211,C0212,There is no working street lighting around Chromepet Bus Stand.,A faulty streetlight is causing poor visibility near Chromepet Bus Stand.,Street Infrastructure,Street Infrastructure,12.9516,80.1462,12.951553024156654,80.14569731986712,2026-09-25T15:00:00,2026-09-26T14:00:00,duplicate,I0106
P0107,C0213,C0214,A damaged water pipeline is leaking around Pallavaram Market.,Water is escaping onto the road from a damaged pipe at Pallavaram Market.,Water & Utilities,Water & Utilities,12.9675,80.1491,12.967148912546788,80.15016803892797,2026-09-14T07:00:00,2026-09-15T18:00:00,duplicate,I0107
P0108,C0215,C0216,There is no working street lighting around Perungalathur Bus Stop.,A broken street light has been reported at Perungalathur Bus Stop.,Street Infrastructure,Street Infrastructure,12.9048,80.091,12.904785985948848,80.08961105883404,2026-09-17T16:00:00,2026-09-18T20:00:00,duplicate,I0108
P0109,C0217,C0218,Large pothole reported near Sholinganallur Junction.,Road surface has broken badly close to Sholinganallur Junction.,Roads & Transport,Roads & Transport,12.901,80.2279,12.902231325033089,80.22644604279375,2026-09-05T13:00:00,2026-09-07T09:00:00,duplicate,I0109
P0110,C0219,C0220,Damaged section of road near Sholinganallur Junction needs repair.,Damaged section of road near Sholinganallur Junction needs repair.,Roads & Transport,Roads & Transport,12.901,80.2279,12.901369778201566,80.22759244997167,2026-09-03T20:00:00,2026-09-04T20:00:00,duplicate,I0110
P0111,C0221,C0222,Blocked drainage is causing waterlogging around Perungalathur Bus Stop.,The roadside drain is clogged near Perungalathur Bus Stop.,Drainage & Flooding,Drainage & Flooding,12.9048,80.091,12.905917149052195,80.08960769729951,2026-09-03T10:00:00,2026-09-05T17:00:00,duplicate,I0111
P0112,C0223,C0224,Water is leaking from a pipe near Pallavaram Market.,A burst pipe is causing water loss near Pallavaram Market.,Water & Utilities,Water & Utilities,12.9675,80.1491,12.96893501318466,80.14988110907899,2026-09-23T20:00:00,2026-09-23T14:00:00,duplicate,I0112
P0113,C0225,C0226,Garbage has been dumped near Velachery Main Road.,Garbage has been dumped near Velachery Main Road.,Waste & Cleanliness,Waste & Cleanliness,12.9815,80.218,12.980973124000345,80.21666835768431,2026-09-12T12:00:00,2026-09-13T09:00:00,duplicate,I0113
P0114,C0227,C0228,A large pile of rubbish is present at GST Road.,Uncollected waste is causing a cleanliness issue near GST Road.,Waste & Cleanliness,Waste & Cleanliness,12.9366,80.135,12.937145401114059,80.13404017065847,2026-09-06T08:00:00,2026-09-08T20:00:00,duplicate,I0114
P0115,C0229,C0230,A broken street light has been reported at Camp Road.,There is no working street lighting around Camp Road.,Street Infrastructure,Street Infrastructure,12.9122,80.1395,12.91343848704807,80.13842935316039,2026-09-15T17:00:00,2026-09-16T14:00:00,duplicate,I0115
P0116,C0231,C0232,A burst pipe is causing water loss near VIT Main Gate.,Continuous water leakage reported close to VIT Main Gate.,Water & Utilities,Water & Utilities,12.8407,80.1538,12.841232832657097,80.15277392686622,2026-09-15T12:00:00,2026-09-17T11:00:00,duplicate,I0116
P0117,C0233,C0234,There is no working street lighting around Velachery Main Road.,The light pole near Velachery Main Road is damaged and the light is off.,Street Infrastructure,Street Infrastructure,12.9815,80.218,12.980597650997327,80.21765407974691,2026-09-16T08:00:00,2026-09-16T13:00:00,duplicate,I0117
P0118,C0235,C0236,Drain overflow reported close to Medavakkam Junction after rainfall.,Blocked drainage is causing waterlogging around Medavakkam Junction.,Drainage & Flooding,Drainage & Flooding,12.9227,80.1927,12.92417807613088,80.19208569226166,2026-09-22T13:00:00,2026-09-23T07:00:00,duplicate,I0118
P0119,C0237,C0238,Drain overflow reported close to VIT Main Gate after rainfall.,The roadside drain is clogged near VIT Main Gate.,Drainage & Flooding,Drainage & Flooding,12.8407,80.1538,12.841698516699019,80.15500880475535,2026-09-25T19:00:00,2026-09-25T16:00:00,duplicate,I0119
P0120,C0239,C0240,A damaged water pipeline is leaking around Pallavaram Market.,Water is escaping onto the road from a damaged pipe at Pallavaram Market.,Water & Utilities,Water & Utilities,12.9675,80.1491,12.96675188040013,80.14986673197123,2026-09-25T17:00:00,2026-09-27T20:00:00,duplicate,I0120
P0121,C0241,C0242,Large pothole reported near Tambaram Railway Station.,The light pole near Tambaram Railway Station is damaged and the light is off.,Roads & Transport,Street Infrastructure,12.9249,80.1,12.925938997742437,80.09832011231248,2026-09-12T09:00:00,2026-09-24T08:00:00,related,
P0122,C0243,C0244,A burst pipe is causing water loss near Medavakkam Junction.,Water is overflowing from the drain at Medavakkam Junction.,Water & Utilities,Drainage & Flooding,12.9227,80.1927,12.92162286126074,80.19373144611971,2026-09-12T15:00:00,2026-09-17T11:00:00,related,
P0123,C0245,C0246,Vehicles are struggling because of a pothole around Velachery Main Road.,The light pole near Velachery Main Road is damaged and the light is off.,Roads & Transport,Street Infrastructure,12.9815,80.218,12.982387613662581,80.21741937491369,2026-09-04T08:00:00,2026-09-15T09:00:00,related,
P0124,C0247,C0248,Road surface has broken badly close to Perungalathur Bus Stop.,The light pole near Perungalathur Bus Stop is damaged and the light is off.,Roads & Transport,Street Infrastructure,12.9048,80.091,12.903325090352046,80.09062046841717,2026-09-09T08:00:00,2026-09-18T14:00:00,related,
P0125,C0249,C0250,Water is escaping onto the road from a damaged pipe at Velachery Main Road.,The roadside drain is clogged near Velachery Main Road.,Water & Utilities,Drainage & Flooding,12.9815,80.218,12.982660702284416,80.21958505081041,2026-09-04T10:00:00,2026-09-22T14:00:00,related,
P0126,C0251,C0252,Road surface has broken badly close to Camp Road.,Blocked drainage is causing waterlogging around Camp Road.,Roads & Transport,Drainage & Flooding,12.9122,80.1395,12.913694921271476,80.13849692192026,2026-09-03T20:00:00,2026-09-21T14:00:00,related,
P0127,C0253,C0254,Water is leaking from a pipe near Perungalathur Bus Stop.,Water is overflowing from the drain at Perungalathur Bus Stop.,Water & Utilities,Drainage & Flooding,12.9048,80.091,12.903163248519649,80.0893339636616,2026-09-16T08:00:00,2026-09-04T10:00:00,related,
P0128,C0255,C0256,There is no working street lighting around Chromepet Bus Stand.,Vehicles are struggling because of a pothole around Chromepet Bus Stand.,Street Infrastructure,Roads & Transport,12.9516,80.1462,12.951135641455751,80.14781777076628,2026-09-23T13:00:00,2026-09-18T16:00:00,related,
P0129,C0257,C0258,Large pothole reported near Perungalathur Bus Stop.,There is no working street lighting around Perungalathur Bus Stop.,Roads & Transport,Street Infrastructure,12.9048,80.091,12.905216347970583,80.09258059103657,2026-09-09T18:00:00,2026-09-02T12:00:00,related,
P0130,C0259,C0260,Vehicles are struggling because of a pothole around Sholinganallur Junction.,A broken street light has been reported at Sholinganallur Junction.,Roads & Transport,Street Infrastructure,12.901,80.2279,12.902279620695902,80.2264576766486,2026-09-22T15:00:00,2026-09-12T17:00:00,related,
P0131,C0261,C0262,A burst pipe is causing water loss near VIT Main Gate.,Blocked drainage is causing waterlogging around VIT Main Gate.,Water & Utilities,Drainage & Flooding,12.8407,80.1538,12.83958331082378,80.15243977498872,2026-09-15T17:00:00,2026-09-03T10:00:00,related,
P0132,C0263,C0264,Streetlight is not working near VIT Main Gate.,Damaged section of road near VIT Main Gate needs repair.,Street Infrastructure,Roads & Transport,12.8407,80.1538,12.839776848029791,80.15245332598711,2026-09-19T08:00:00,2026-09-07T20:00:00,related,
P0133,C0265,C0266,A faulty streetlight is causing poor visibility near Pallavaram Market.,Deep road crater causing problems for vehicles at Pallavaram Market.,Street Infrastructure,Roads & Transport,12.9675,80.1491,12.968626990732036,80.14813879524456,2026-09-25T19:00:00,2026-09-05T16:00:00,related,
P0134,C0267,C0268,Deep road crater causing problems for vehicles at Velachery Main Road.,Water is overflowing from the drain at Velachery Main Road.,Roads & Transport,Drainage & Flooding,12.9815,80.218,12.981644775644709,80.2190746497648,2026-09-04T20:00:00,2026-09-22T07:00:00,related,
P0135,C0269,C0270,Damaged section of road near VIT Main Gate needs repair.,A broken street light has been reported at VIT Main Gate.,Roads & Transport,Street Infrastructure,12.8407,80.1538,12.841019870519382,80.15205681190065,2026-09-09T09:00:00,2026-09-02T18:00:00,related,
P0136,C0271,C0272,Garbage has been dumped near GST Road.,Drain is blocked near GST Road.,Waste & Cleanliness,Drainage & Flooding,12.9366,80.135,12.936514485475524,80.13600086134154,2026-09-17T08:00:00,2026-09-19T14:00:00,related,
P0137,C0273,C0274,A faulty streetlight is causing poor visibility near Pallavaram Market.,Large pothole reported near Pallavaram Market.,Street Infrastructure,Roads & Transport,12.9675,80.1491,12.968318074789789,80.15057150607647,2026-09-22T11:00:00,2026-09-17T14:00:00,related,
P0138,C0275,C0276,Vehicles are struggling because of a pothole around VIT Main Gate.,The roadside drain is clogged near VIT Main Gate.,Roads & Transport,Drainage & Flooding,12.8407,80.1538,12.840434585029408,80.15238866258684,2026-09-23T08:00:00,2026-09-15T08:00:00,related,
P0139,C0277,C0278,A damaged water pipeline is leaking around Camp Road.,Drain is blocked near Camp Road.,Water & Utilities,Drainage & Flooding,12.9122,80.1395,12.910854289717898,80.13994754297941,2026-09-19T18:00:00,2026-09-18T12:00:00,related,
P0140,C0279,C0280,Uncollected waste is causing a cleanliness issue near Camp Road.,Blocked drainage is causing waterlogging around Camp Road.,Waste & Cleanliness,Drainage & Flooding,12.9122,80.1395,12.912033375503272,80.13987953644953,2026-09-04T18:00:00,2026-09-26T08:00:00,related,
P0141,C0281,C0282,There is no working street lighting around Pallavaram Market.,Vehicles are struggling because of a pothole around Pallavaram Market.,Street Infrastructure,Roads & Transport,12.9675,80.1491,12.968897127679158,80.14878972885624,2026-09-15T13:00:00,2026-09-13T18:00:00,related,
P0142,C0283,C0284,Vehicles are struggling because of a pothole around Medavakkam Junction.,Blocked drainage is causing waterlogging around Medavakkam Junction.,Roads & Transport,Drainage & Flooding,12.9227,80.1927,12.923294388307017,80.19224748368437,2026-09-05T14:00:00,2026-09-22T08:00:00,related,
P0143,C0285,C0286,Large pothole reported near Tambaram Railway Station.,The roadside drain is clogged near Tambaram Railway Station.,Roads & Transport,Drainage & Flooding,12.9249,80.1,12.923447631957236,80.10085966559456,2026-09-05T07:00:00,2026-09-18T16:00:00,related,
P0144,C0287,C0288,The light pole near GST Road is damaged and the light is off.,Large pothole reported near GST Road.,Street Infrastructure,Roads & Transport,12.9366,80.135,12.93627891107852,80.13634498654005,2026-09-25T20:00:00,2026-09-14T18:00:00,related,
P0145,C0289,C0290,Road surface has broken badly close to Velachery Main Road.,Blocked drainage is causing waterlogging around Velachery Main Road.,Roads & Transport,Drainage & Flooding,12.9815,80.218,12.980965926268496,80.2182805066662,2026-09-07T17:00:00,2026-09-05T14:00:00,related,
P0146,C0291,C0292,Damaged section of road near Tambaram Railway Station needs repair.,A faulty streetlight is causing poor visibility near Tambaram Railway Station.,Roads & Transport,Street Infrastructure,12.9249,80.1,12.924423219782215,80.10094538027496,2026-09-19T19:00:00,2026-09-08T13:00:00,related,
P0147,C0293,C0294,A faulty streetlight is causing poor visibility near Camp Road.,Road surface has broken badly close to Camp Road.,Street Infrastructure,Roads & Transport,12.9122,80.1395,12.910494513793234,80.14104470344758,2026-09-23T07:00:00,2026-09-09T09:00:00,related,
P0148,C0295,C0296,Continuous water leakage reported close to Velachery Main Road.,Blocked drainage is causing waterlogging around Velachery Main Road.,Water & Utilities,Drainage & Flooding,12.9815,80.218,12.979721980841854,80.21933150574354,2026-09-19T13:00:00,2026-09-22T08:00:00,related,
P0149,C0297,C0298,Large pothole reported near VIT Main Gate.,A faulty streetlight is causing poor visibility near VIT Main Gate.,Roads & Transport,Street Infrastructure,12.8407,80.1538,12.83967447836812,80.15351139697755,2026-09-11T12:00:00,2026-09-06T11:00:00,related,
P0150,C0299,C0300,Water is escaping onto the road from a damaged pipe at Camp Road.,Drain is blocked near Camp Road.,Water & Utilities,Drainage & Flooding,12.9122,80.1395,12.913580031864266,80.13826008765226,2026-09-25T07:00:00,2026-09-20T17:00:00,related,
P0151,C0301,C0302,Vehicles are struggling because of a pothole around Velachery Main Road.,The roadside drain is clogged near Velachery Main Road.,Roads & Transport,Drainage & Flooding,12.9815,80.218,12.981448382137607,80.21779135907211,2026-09-09T19:00:00,2026-09-07T15:00:00,related,
P0152,C0303,C0304,Vehicles are struggling because of a pothole around Medavakkam Junction.,Drain is blocked near Medavakkam Junction.,Roads & Transport,Drainage & Flooding,12.9227,80.1927,12.92191968729229,80.19334255051714,2026-09-16T17:00:00,2026-09-17T11:00:00,related,
P0153,C0305,C0306,Vehicles are struggling because of a pothole around Pallavaram Market.,Drain overflow reported close to Pallavaram Market after rainfall.,Roads & Transport,Drainage & Flooding,12.9675,80.1491,12.965897215050665,80.14803592324768,2026-09-07T09:00:00,2026-09-25T19:00:00,related,
P0154,C0307,C0308,Continuous water leakage reported close to Velachery Main Road.,Drain is blocked near Velachery Main Road.,Water & Utilities,Drainage & Flooding,12.9815,80.218,12.97972782766365,80.21888925084436,2026-09-06T13:00:00,2026-09-05T15:00:00,related,
P0155,C0309,C0310,Road surface has broken badly close to GST Road.,The light pole near GST Road is damaged and the light is off.,Roads & Transport,Street Infrastructure,12.9366,80.135,12.935059471787731,80.13630235170329,2026-09-02T07:00:00,2026-09-14T14:00:00,related,
P0156,C0311,C0312,Road surface has broken badly close to Medavakkam Junction.,The roadside drain is clogged near Medavakkam Junction.,Roads & Transport,Drainage & Flooding,12.9227,80.1927,12.92296423885119,80.19345419626165,2026-09-14T08:00:00,2026-09-10T13:00:00,related,
P0157,C0313,C0314,Deep road crater causing problems for vehicles at Medavakkam Junction.,Drain overflow reported close to Medavakkam Junction after rainfall.,Roads & Transport,Drainage & Flooding,12.9227,80.1927,12.922556348846818,80.19338259614788,2026-09-12T13:00:00,2026-09-03T20:00:00,related,
P0158,C0315,C0316,Vehicles are struggling because of a pothole around Pallavaram Market.,Drain overflow reported close to Pallavaram Market after rainfall.,Roads & Transport,Drainage & Flooding,12.9675,80.1491,12.967141619338737,80.14758312951494,2026-09-10T12:00:00,2026-09-24T10:00:00,related,
P0159,C0317,C0318,Water is leaking from a pipe near Chromepet Bus Stand.,Drain overflow reported close to Chromepet Bus Stand after rainfall.,Water & Utilities,Drainage & Flooding,12.9516,80.1462,12.952079608801085,80.14631017735478,2026-09-07T12:00:00,2026-09-25T12:00:00,related,
P0160,C0319,C0320,Large pothole reported near Pallavaram Market.,A broken street light has been reported at Pallavaram Market.,Roads & Transport,Street Infrastructure,12.9675,80.1491,12.966621485599205,80.14792459648079,2026-09-05T19:00:00,2026-09-25T17:00:00,related,
P0161,C0321,C0322,Vehicles are struggling because of a pothole around Chromepet Bus Stand.,The roadside drain is clogged near Chromepet Bus Stand.,Roads & Transport,Drainage & Flooding,12.9516,80.1462,12.952516004970889,80.14713555773858,2026-09-15T16:00:00,2026-09-22T17:00:00,related,
P0162,C0323,C0324,The light pole near Medavakkam Junction is damaged and the light is off.,Deep road crater causing problems for vehicles at Medavakkam Junction.,Street Infrastructure,Roads & Transport,12.9227,80.1927,12.922483146138832,80.19258811590069,2026-09-21T19:00:00,2026-09-10T11:00:00,related,
P0163,C0325,C0326,The light pole near VIT Main Gate is damaged and the light is off.,Road surface has broken badly close to VIT Main Gate.,Street Infrastructure,Roads & Transport,12.8407,80.1538,12.839167086362224,80.15366227295121,2026-09-02T12:00:00,2026-09-02T20:00:00,related,
P0164,C0327,C0328,Water is leaking from a pipe near Tambaram Railway Station.,Drain overflow reported close to Tambaram Railway Station after rainfall.,Water & Utilities,Drainage & Flooding,12.9249,80.1,12.925238687347065,80.0995841369157,2026-09-19T19:00:00,2026-09-18T18:00:00,related,
P0165,C0329,C0330,Road surface has broken badly close to Sholinganallur Junction.,Water is overflowing from the drain at Sholinganallur Junction.,Roads & Transport,Drainage & Flooding,12.901,80.2279,12.90035749634637,80.2278122645006,2026-09-05T14:00:00,2026-09-02T08:00:00,related,
P0166,C0331,C0332,Water is escaping onto the road from a damaged pipe at Tambaram Railway Station.,Water is overflowing from the drain at Tambaram Railway Station.,Water & Utilities,Drainage & Flooding,12.9249,80.1,12.923240911654322,80.10074743813556,2026-09-15T15:00:00,2026-09-17T16:00:00,related,
P0167,C0333,C0334,Damaged section of road near Medavakkam Junction needs repair.,The light pole near Medavakkam Junction is damaged and the light is off.,Roads & Transport,Street Infrastructure,12.9227,80.1927,12.922294699614284,80.19368807323887,2026-09-22T07:00:00,2026-09-20T19:00:00,related,
P0168,C0335,C0336,Continuous water leakage reported close to Tambaram Railway Station.,Drain is blocked near Tambaram Railway Station.,Water & Utilities,Drainage & Flooding,12.9249,80.1,12.925108667564706,80.099591631137,2026-09-09T20:00:00,2026-09-24T17:00:00,related,
P0169,C0337,C0338,The light pole near Chromepet Bus Stand is damaged and the light is off.,Large pothole reported near Chromepet Bus Stand.,Street Infrastructure,Roads & Transport,12.9516,80.1462,12.95189786225251,80.14490914217009,2026-09-12T17:00:00,2026-09-10T18:00:00,related,
P0170,C0339,C0340,Uncollected waste is causing a cleanliness issue near Chromepet Bus Stand.,Drain is blocked near Chromepet Bus Stand.,Waste & Cleanliness,Drainage & Flooding,12.9516,80.1462,12.950914494794697,80.1457560455018,2026-09-11T09:00:00,2026-09-27T17:00:00,related,
P0171,C0341,C0342,There is no working street lighting around Tambaram Railway Station.,Road surface has broken badly close to Tambaram Railway Station.,Street Infrastructure,Roads & Transport,12.9249,80.1,12.924402581146847,80.09950535160833,2026-09-06T12:00:00,2026-09-07T19:00:00,related,
P0172,C0343,C0344,Waste is accumulating around Pallavaram Market.,Water is overflowing from the drain at Pallavaram Market.,Waste & Cleanliness,Drainage & Flooding,12.9675,80.1491,12.9662578026226,80.14836485156596,2026-09-04T19:00:00,2026-09-17T15:00:00,related,
P0173,C0345,C0346,The light pole near VIT Main Gate is damaged and the light is off.,Road surface has broken badly close to VIT Main Gate.,Street Infrastructure,Roads & Transport,12.8407,80.1538,12.839371776549147,80.15335619153497,2026-09-06T20:00:00,2026-09-06T18:00:00,related,
P0174,C0347,C0348,There is no working street lighting around Chromepet Bus Stand.,Large pothole reported near Chromepet Bus Stand.,Street Infrastructure,Roads & Transport,12.9516,80.1462,12.951279091001387,80.14683490651987,2026-09-08T16:00:00,2026-09-15T11:00:00,related,
P0175,C0349,C0350,Uncollected waste is causing a cleanliness issue near Pallavaram Market.,Water is overflowing from the drain at Pallavaram Market.,Waste & Cleanliness,Drainage & Flooding,12.9675,80.1491,12.966814084427625,80.15021104593593,2026-09-16T10:00:00,2026-09-27T12:00:00,related,
P0176,C0351,C0352,There is no working street lighting around Sholinganallur Junction.,Damaged section of road near Sholinganallur Junction needs repair.,Street Infrastructure,Roads & Transport,12.901,80.2279,12.9020012465341,80.22791046408936,2026-09-14T20:00:00,2026-09-06T10:00:00,related,
P0177,C0353,C0354,The light pole near Chromepet Bus Stand is damaged and the light is off.,Large pothole reported near Chromepet Bus Stand.,Street Infrastructure,Roads & Transport,12.9516,80.1462,12.952108244530335,80.14754682100218,2026-09-18T18:00:00,2026-09-04T20:00:00,related,
P0178,C0355,C0356,The light pole near Tambaram Railway Station is damaged and the light is off.,Large pothole reported near Tambaram Railway Station.,Street Infrastructure,Roads & Transport,12.9249,80.1,12.925847220589048,80.09918204867853,2026-09-17T20:00:00,2026-09-05T13:00:00,related,
P0179,C0357,C0358,Vehicles are struggling because of a pothole around Pallavaram Market.,Blocked drainage is causing waterlogging around Pallavaram Market.,Roads & Transport,Drainage & Flooding,12.9675,80.1491,12.969049698937654,80.14879362886096,2026-09-13T12:00:00,2026-09-17T10:00:00,related,
P0180,C0359,C0360,The public bin is overflowing near Tambaram Railway Station.,Water is overflowing from the drain at Tambaram Railway Station.,Waste & Cleanliness,Drainage & Flooding,12.9249,80.1,12.9232014751639,80.10155097325709,2026-09-23T12:00:00,2026-09-21T19:00:00,related,
P0181,C0361,C0362,Large pothole reported near Chromepet Bus Stand.,The light pole near Chromepet Bus Stand is damaged and the light is off.,Roads & Transport,Street Infrastructure,12.9516,80.1462,12.953102626217804,80.14610083775896,2026-09-05T18:00:00,2026-09-25T14:00:00,related,
P0182,C0363,C0364,Garbage has been dumped near Camp Road.,Drain is blocked near Camp Road.,Waste & Cleanliness,Drainage & Flooding,12.9122,80.1395,12.91046841398568,80.13847635708008,2026-09-05T18:00:00,2026-09-18T16:00:00,related,
P0183,C0365,C0366,Streetlight is not working near Perungalathur Bus Stop.,Damaged section of road near Perungalathur Bus Stop needs repair.,Street Infrastructure,Roads & Transport,12.9048,80.091,12.903855504815906,80.08963865404256,2026-09-08T17:00:00,2026-09-14T19:00:00,related,
P0184,C0367,C0368,Streetlight is not working near Sholinganallur Junction.,Large pothole reported near Sholinganallur Junction.,Street Infrastructure,Roads & Transport,12.901,80.2279,12.902212075794179,80.22789938520006,2026-09-18T17:00:00,2026-09-01T15:00:00,related,
P0185,C0369,C0370,A broken street light has been reported at Pallavaram Market.,Damaged section of road near Pallavaram Market needs repair.,Street Infrastructure,Roads & Transport,12.9675,80.1491,12.967245260015172,80.149513314498,2026-09-08T13:00:00,2026-09-19T09:00:00,related,
P0186,C0371,C0372,Damaged section of road near GST Road needs repair.,Drain is blocked near GST Road.,Roads & Transport,Drainage & Flooding,12.9366,80.135,12.938232253240749,80.13515869505575,2026-09-17T07:00:00,2026-09-18T13:00:00,related,
P0187,C0373,C0374,A large pile of rubbish is present at VIT Main Gate.,Blocked drainage is causing waterlogging around VIT Main Gate.,Waste & Cleanliness,Drainage & Flooding,12.8407,80.1538,12.83981314093985,80.152058472032,2026-09-03T10:00:00,2026-09-12T18:00:00,related,
P0188,C0375,C0376,Damaged section of road near Camp Road needs repair.,Water is overflowing from the drain at Camp Road.,Roads & Transport,Drainage & Flooding,12.9122,80.1395,12.910559608477863,80.13966564948275,2026-09-21T20:00:00,2026-09-06T19:00:00,related,
P0189,C0377,C0378,Waste is accumulating around Sholinganallur Junction.,Water is overflowing from the drain at Sholinganallur Junction.,Waste & Cleanliness,Drainage & Flooding,12.901,80.2279,12.899427161933316,80.22889428543894,2026-09-15T11:00:00,2026-09-02T10:00:00,related,
P0190,C0379,C0380,Large pothole reported near Pallavaram Market.,Blocked drainage is causing waterlogging around Pallavaram Market.,Roads & Transport,Drainage & Flooding,12.9675,80.1491,12.96906013552782,80.14915538092131,2026-09-18T11:00:00,2026-09-16T07:00:00,related,
P0191,C0381,C0382,Damaged section of road near Velachery Main Road needs repair.,Streetlight is not working near Velachery Main Road.,Roads & Transport,Street Infrastructure,12.9815,80.218,12.982816873797482,80.21739492887097,2026-09-04T12:00:00,2026-09-26T13:00:00,related,
P0192,C0383,C0384,A large pile of rubbish is present at Sholinganallur Junction.,Blocked drainage is causing waterlogging around Sholinganallur Junction.,Waste & Cleanliness,Drainage & Flooding,12.901,80.2279,12.902705404903536,80.22788633161554,2026-09-16T19:00:00,2026-09-12T15:00:00,related,
P0193,C0385,C0386,A burst pipe is causing water loss near Tambaram Railway Station.,Drain is blocked near Tambaram Railway Station.,Water & Utilities,Drainage & Flooding,12.9249,80.1,12.924650185747211,80.10178235339343,2026-09-06T11:00:00,2026-09-18T12:00:00,related,
P0194,C0387,C0388,Damaged section of road near Tambaram Railway Station needs repair.,Blocked drainage is causing waterlogging around Tambaram Railway Station.,Roads & Transport,Drainage & Flooding,12.9249,80.1,12.924203385081926,80.10036943785983,2026-09-14T18:00:00,2026-09-06T14:00:00,related,
P0195,C0389,C0390,Water is leaking from a pipe near Sholinganallur Junction.,Blocked drainage is causing waterlogging around Sholinganallur Junction.,Water & Utilities,Drainage & Flooding,12.901,80.2279,12.901413465335915,80.22766578581474,2026-09-21T07:00:00,2026-09-26T08:00:00,related,
P0196,C0391,C0392,Uncollected waste is causing a cleanliness issue near Medavakkam Junction.,Water is overflowing from the drain at Medavakkam Junction.,Waste & Cleanliness,Drainage & Flooding,12.9227,80.1927,12.924330041826607,80.1914140060861,2026-09-20T19:00:00,2026-09-22T14:00:00,related,
P0197,C0393,C0394,Large pothole reported near Chromepet Bus Stand.,Water is overflowing from the drain at Chromepet Bus Stand.,Roads & Transport,Drainage & Flooding,12.9516,80.1462,12.952602655344624,80.14571878250318,2026-09-13T07:00:00,2026-09-19T16:00:00,related,
P0198,C0395,C0396,Damaged section of road near Sholinganallur Junction needs repair.,The light pole near Sholinganallur Junction is damaged and the light is off.,Roads & Transport,Street Infrastructure,12.901,80.2279,12.900798181441033,80.2263767875438,2026-09-05T12:00:00,2026-09-17T13:00:00,related,
P0199,C0397,C0398,A damaged water pipeline is leaking around Velachery Main Road.,Drain is blocked near Velachery Main Road.,Water & Utilities,Drainage & Flooding,12.9815,80.218,12.97979328802711,80.2168697729781,2026-09-17T15:00:00,2026-09-13T08:00:00,related,
P0200,C0399,C0400,A burst pipe is causing water loss near Velachery Main Road.,Water is overflowing from the drain at Velachery Main Road.,Water & Utilities,Drainage & Flooding,12.9815,80.218,12.983286914403758,80.21722807675971,2026-09-16T08:00:00,2026-09-07T09:00:00,related,
P0201,C0401,C0402,Deep road crater causing problems for vehicles at Sholinganallur Junction.,The roadside drain is clogged near Sholinganallur Junction.,Roads & Transport,Drainage & Flooding,12.901,80.2279,12.902790144654483,80.22901784758609,2026-09-11T12:00:00,2026-09-22T18:00:00,related,
P0202,C0403,C0404,Road surface has broken badly close to GST Road.,Blocked drainage is causing waterlogging around GST Road.,Roads & Transport,Drainage & Flooding,12.9366,80.135,12.938008794056474,80.13626490338271,2026-09-23T18:00:00,2026-09-23T17:00:00,related,
P0203,C0405,C0406,Road surface has broken badly close to Medavakkam Junction.,A broken street light has been reported at Medavakkam Junction.,Roads & Transport,Street Infrastructure,12.9227,80.1927,12.921336904838283,80.19162352933624,2026-09-05T19:00:00,2026-09-08T14:00:00,related,
P0204,C0407,C0408,Road surface has broken badly close to Medavakkam Junction.,Drain overflow reported close to Medavakkam Junction after rainfall.,Roads & Transport,Drainage & Flooding,12.9227,80.1927,12.922228080195804,80.19379318221463,2026-09-18T16:00:00,2026-09-05T08:00:00,related,
P0205,C0409,C0410,Vehicles are struggling because of a pothole around Velachery Main Road.,The roadside drain is clogged near Velachery Main Road.,Roads & Transport,Drainage & Flooding,12.9815,80.218,12.981592504357389,80.21896899238135,2026-09-19T09:00:00,2026-09-03T12:00:00,related,
P0206,C0411,C0412,Vehicles are struggling because of a pothole around Sholinganallur Junction.,Drain overflow reported close to Sholinganallur Junction after rainfall.,Roads & Transport,Drainage & Flooding,12.901,80.2279,12.90044025321053,80.22926065654595,2026-09-25T17:00:00,2026-09-18T16:00:00,related,
P0207,C0413,C0414,Vehicles are struggling because of a pothole around Chromepet Bus Stand.,A faulty streetlight is causing poor visibility near Chromepet Bus Stand.,Roads & Transport,Street Infrastructure,12.9516,80.1462,12.953078564175408,80.14459948626006,2026-09-04T09:00:00,2026-09-17T11:00:00,related,
P0208,C0415,C0416,Damaged section of road near Chromepet Bus Stand needs repair.,A broken street light has been reported at Chromepet Bus Stand.,Roads & Transport,Street Infrastructure,12.9516,80.1462,12.95104568309643,80.14778725459774,2026-09-10T08:00:00,2026-09-28T11:00:00,related,
P0209,C0417,C0418,Damaged section of road near GST Road needs repair.,A broken street light has been reported at GST Road.,Roads & Transport,Street Infrastructure,12.9366,80.135,12.937050080501216,80.13541194180192,2026-09-03T17:00:00,2026-09-17T09:00:00,related,
P0210,C0419,C0420,A broken street light has been reported at Camp Road.,Deep road crater causing problems for vehicles at Camp Road.,Street Infrastructure,Roads & Transport,12.9122,80.1395,12.912771438344182,80.14029427796638,2026-09-20T20:00:00,2026-09-11T16:00:00,related,
P0211,C0421,C0422,Large pothole reported near VIT Main Gate.,Drain is blocked near VIT Main Gate.,Roads & Transport,Drainage & Flooding,12.8407,80.1538,12.842314768674294,80.15477568052766,2026-09-09T10:00:00,2026-09-21T19:00:00,related,
P0212,C0423,C0424,A faulty streetlight is causing poor visibility near Perungalathur Bus Stop.,Large pothole reported near Perungalathur Bus Stop.,Street Infrastructure,Roads & Transport,12.9048,80.091,12.90479293701649,80.09145779043706,2026-09-10T11:00:00,2026-09-21T14:00:00,related,
P0213,C0425,C0426,Damaged section of road near Perungalathur Bus Stop needs repair.,There is no working street lighting around Perungalathur Bus Stop.,Roads & Transport,Street Infrastructure,12.9048,80.091,12.90326270289182,80.08941568691856,2026-09-15T14:00:00,2026-09-14T14:00:00,related,
P0214,C0427,C0428,Road surface has broken badly close to Medavakkam Junction.,A broken street light has been reported at Medavakkam Junction.,Roads & Transport,Street Infrastructure,12.9227,80.1927,12.92202529699729,80.1934861063864,2026-09-24T12:00:00,2026-09-28T13:00:00,related,
P0215,C0429,C0430,Road surface has broken badly close to Medavakkam Junction.,A faulty streetlight is causing poor visibility near Medavakkam Junction.,Roads & Transport,Street Infrastructure,12.9227,80.1927,12.921282262160993,80.19177025629938,2026-09-04T14:00:00,2026-09-09T10:00:00,related,
P0216,C0431,C0432,Large pothole reported near Tambaram Railway Station.,The light pole near Tambaram Railway Station is damaged and the light is off.,Roads & Transport,Street Infrastructure,12.9249,80.1,12.926503385613731,80.1013109898613,2026-09-14T20:00:00,2026-09-08T09:00:00,related,
P0217,C0433,C0434,Continuous water leakage reported close to Camp Road.,Water is overflowing from the drain at Camp Road.,Water & Utilities,Drainage & Flooding,12.9122,80.1395,12.913147236950499,80.13949375595142,2026-09-17T14:00:00,2026-09-15T11:00:00,related,
P0218,C0435,C0436,Garbage has been dumped near VIT Main Gate.,The roadside drain is clogged near VIT Main Gate.,Waste & Cleanliness,Drainage & Flooding,12.8407,80.1538,12.840719600066885,80.15548007186999,2026-09-07T12:00:00,2026-09-19T07:00:00,related,
P0219,C0437,C0438,Vehicles are struggling because of a pothole around Velachery Main Road.,Drain overflow reported close to Velachery Main Road after rainfall.,Roads & Transport,Drainage & Flooding,12.9815,80.218,12.982876422114925,80.21855533613281,2026-09-16T15:00:00,2026-09-10T07:00:00,related,
P0220,C0439,C0440,Deep road crater causing problems for vehicles at Perungalathur Bus Stop.,Blocked drainage is causing waterlogging around Perungalathur Bus Stop.,Roads & Transport,Drainage & Flooding,12.9048,80.091,12.905619029028093,80.09194988435098,2026-09-12T13:00:00,2026-09-02T07:00:00,related,
P0221,C0441,C0442,A broken street light has been reported at GST Road.,Damaged section of road near GST Road needs repair.,Street Infrastructure,Roads & Transport,12.9366,80.135,12.936791602535836,80.13346471429908,2026-09-17T19:00:00,2026-09-15T15:00:00,related,
P0222,C0443,C0444,Water is escaping onto the road from a damaged pipe at Camp Road.,Drain is blocked near Camp Road.,Water & Utilities,Drainage & Flooding,12.9122,80.1395,12.910863188206482,80.13804805334969,2026-09-12T12:00:00,2026-09-26T15:00:00,related,
P0223,C0445,C0446,A damaged water pipeline is leaking around Chromepet Bus Stand.,Drain overflow reported close to Chromepet Bus Stand after rainfall.,Water & Utilities,Drainage & Flooding,12.9516,80.1462,12.95163284105841,80.14620028045285,2026-09-02T09:00:00,2026-09-02T18:00:00,related,
P0224,C0447,C0448,Water is escaping onto the road from a damaged pipe at Sholinganallur Junction.,The roadside drain is clogged near Sholinganallur Junction.,Water & Utilities,Drainage & Flooding,12.901,80.2279,12.899736186392476,80.22931527409149,2026-09-05T16:00:00,2026-09-11T12:00:00,related,
P0225,C0449,C0450,Road surface has broken badly close to Perungalathur Bus Stop.,The light pole near Perungalathur Bus Stop is damaged and the light is off.,Roads & Transport,Street Infrastructure,12.9048,80.091,12.905137408760272,80.09102633395032,2026-09-17T14:00:00,2026-09-18T18:00:00,related,
P0226,C0451,C0452,There is no working street lighting around Velachery Main Road.,Large pothole reported near Velachery Main Road.,Street Infrastructure,Roads & Transport,12.9815,80.218,12.981026088115517,80.2186257030129,2026-09-14T11:00:00,2026-09-19T19:00:00,related,
P0227,C0453,C0454,Vehicles are struggling because of a pothole around Camp Road.,Blocked drainage is causing waterlogging around Camp Road.,Roads & Transport,Drainage & Flooding,12.9122,80.1395,12.91388145450622,80.14051845436916,2026-09-25T16:00:00,2026-09-19T10:00:00,related,
P0228,C0455,C0456,Vehicles are struggling because of a pothole around Camp Road.,Water is overflowing from the drain at Camp Road.,Roads & Transport,Drainage & Flooding,12.9122,80.1395,12.912287236397448,80.14029625820689,2026-09-25T13:00:00,2026-09-27T09:00:00,related,
P0229,C0457,C0458,Road surface has broken badly close to VIT Main Gate.,Streetlight is not working near VIT Main Gate.,Roads & Transport,Street Infrastructure,12.8407,80.1538,12.839586823580177,80.15358773883827,2026-09-14T13:00:00,2026-09-05T18:00:00,related,
P0230,C0459,C0460,Road surface has broken badly close to Perungalathur Bus Stop.,A faulty streetlight is causing poor visibility near Perungalathur Bus Stop.,Roads & Transport,Street Infrastructure,12.9048,80.091,12.90631387541963,80.09234214375208,2026-09-24T07:00:00,2026-09-24T18:00:00,related,
P0231,C0461,C0462,Deep road crater causing problems for vehicles at GST Road.,A faulty streetlight is causing poor visibility near GST Road.,Roads & Transport,Street Infrastructure,12.9366,80.135,12.935970178323934,80.13558401647897,2026-09-17T12:00:00,2026-09-13T09:00:00,related,
P0232,C0463,C0464,The public bin is overflowing near GST Road.,Drain overflow reported close to GST Road after rainfall.,Waste & Cleanliness,Drainage & Flooding,12.9366,80.135,12.936075433159122,80.13597916322294,2026-09-24T17:00:00,2026-09-22T19:00:00,related,
P0233,C0465,C0466,A burst pipe is causing water loss near Camp Road.,Water is overflowing from the drain at Camp Road.,Water & Utilities,Drainage & Flooding,12.9122,80.1395,12.913846414626297,80.13870442302532,2026-09-10T11:00:00,2026-09-08T19:00:00,related,
P0234,C0467,C0468,A burst pipe is causing water loss near Pallavaram Market.,Blocked drainage is causing waterlogging around Pallavaram Market.,Water & Utilities,Drainage & Flooding,12.9675,80.1491,12.967427292323526,80.14931775532486,2026-09-24T11:00:00,2026-09-09T08:00:00,related,
P0235,C0469,C0470,There is no working street lighting around GST Road.,Vehicles are struggling because of a pothole around GST Road.,Street Infrastructure,Roads & Transport,12.9366,80.135,12.93774615885647,80.13663659190821,2026-09-05T07:00:00,2026-09-10T11:00:00,related,
P0236,C0471,C0472,Vehicles are struggling because of a pothole around Medavakkam Junction.,Blocked drainage is causing waterlogging around Medavakkam Junction.,Roads & Transport,Drainage & Flooding,12.9227,80.1927,12.923590418598986,80.19167035250908,2026-09-18T15:00:00,2026-09-09T18:00:00,related,
P0237,C0473,C0474,Water is leaking from a pipe near Chromepet Bus Stand.,Drain overflow reported close to Chromepet Bus Stand after rainfall.,Water & Utilities,Drainage & Flooding,12.9516,80.1462,12.952467207516078,80.1452614154374,2026-09-02T15:00:00,2026-09-22T10:00:00,related,
P0238,C0475,C0476,Large pothole reported near VIT Main Gate.,There is no working street lighting around VIT Main Gate.,Roads & Transport,Street Infrastructure,12.8407,80.1538,12.840089057044555,80.15370065406533,2026-09-22T09:00:00,2026-09-25T07:00:00,related,
P0239,C0477,C0478,There is no working street lighting around Chromepet Bus Stand.,Vehicles are struggling because of a pothole around Chromepet Bus Stand.,Street Infrastructure,Roads & Transport,12.9516,80.1462,12.951518814673586,80.1451180415088,2026-09-10T11:00:00,2026-09-11T17:00:00,related,
P0240,C0479,C0480,Road surface has broken badly close to Tambaram Railway Station.,Water is overflowing from the drain at Tambaram Railway Station.,Roads & Transport,Drainage & Flooding,12.9249,80.1,12.925026548196817,80.10080322364166,2026-09-02T13:00:00,2026-09-06T20:00:00,related,
P0241,C0481,C0482,Vehicles are struggling because of a pothole around VIT Main Gate.,There is no working street lighting around VIT Main Gate.,Roads & Transport,Street Infrastructure,12.8407,80.1538,12.83957072187492,80.1546964115252,2026-09-10T07:00:00,2026-09-02T11:00:00,related,
P0242,C0483,C0484,Streetlight is not working near Camp Road.,Damaged section of road near Camp Road needs repair.,Street Infrastructure,Roads & Transport,12.9122,80.1395,12.91142442194846,80.14126075809232,2026-09-18T14:00:00,2026-09-17T09:00:00,related,
P0243,C0485,C0486,The light pole near Sholinganallur Junction is damaged and the light is off.,Deep road crater causing problems for vehicles at Sholinganallur Junction.,Street Infrastructure,Roads & Transport,12.901,80.2279,12.902111729961675,80.2272904627486,2026-09-24T17:00:00,2026-09-15T11:00:00,related,
P0244,C0487,C0488,Damaged section of road near VIT Main Gate needs repair.,The light pole near VIT Main Gate is damaged and the light is off.,Roads & Transport,Street Infrastructure,12.8407,80.1538,12.840944012400715,80.15472621790093,2026-09-06T20:00:00,2026-09-20T17:00:00,related,
P0245,C0489,C0490,Uncollected waste is causing a cleanliness issue near Perungalathur Bus Stop.,Blocked drainage is causing waterlogging around Perungalathur Bus Stop.,Waste & Cleanliness,Drainage & Flooding,12.9048,80.091,12.903312255971453,80.09160932107227,2026-09-06T14:00:00,2026-09-05T12:00:00,related,
P0246,C0491,C0492,Damaged section of road near VIT Main Gate needs repair.,There is no working street lighting around VIT Main Gate.,Roads & Transport,Street Infrastructure,12.8407,80.1538,12.839747876510085,80.15471352394641,2026-09-11T16:00:00,2026-09-10T18:00:00,related,
P0247,C0493,C0494,The light pole near VIT Main Gate is damaged and the light is off.,Damaged section of road near VIT Main Gate needs repair.,Street Infrastructure,Roads & Transport,12.8407,80.1538,12.841393966925521,80.15222364759448,2026-09-04T11:00:00,2026-09-15T09:00:00,related,
P0248,C0495,C0496,The public bin is overflowing near GST Road.,Drain is blocked near GST Road.,Waste & Cleanliness,Drainage & Flooding,12.9366,80.135,12.937099360770718,80.1365862882455,2026-09-12T10:00:00,2026-09-20T10:00:00,related,
P0249,C0497,C0498,Deep road crater causing problems for vehicles at Sholinganallur Junction.,There is no working street lighting around Sholinganallur Junction.,Roads & Transport,Street Infrastructure,12.901,80.2279,12.901891845413743,80.22828066021313,2026-09-14T15:00:00,2026-09-23T14:00:00,related,
P0250,C0499,C0500,A broken street light has been reported at Pallavaram Market.,Road surface has broken badly close to Pallavaram Market.,Street Infrastructure,Roads & Transport,12.9675,80.1491,12.968843286210555,80.1475947331033,2026-09-15T18:00:00,2026-09-17T12:00:00,related,
P0251,C0501,C0502,Large pothole reported near Camp Road.,Drain is blocked near Camp Road.,Roads & Transport,Drainage & Flooding,12.9122,80.1395,12.91338358659425,80.14095039737686,2026-09-07T15:00:00,2026-09-19T09:00:00,related,
P0252,C0503,C0504,Road surface has broken badly close to Medavakkam Junction.,There is no working street lighting around Medavakkam Junction.,Roads & Transport,Street Infrastructure,12.9227,80.1927,12.921318464079866,80.19163944534795,2026-09-19T08:00:00,2026-09-16T15:00:00,related,
P0253,C0505,C0506,A large pile of rubbish is present at VIT Main Gate.,Water is overflowing from the drain at VIT Main Gate.,Waste & Cleanliness,Drainage & Flooding,12.8407,80.1538,12.840747692235526,80.15364447451256,2026-09-02T14:00:00,2026-09-18T17:00:00,related,
P0254,C0507,C0508,A burst pipe is causing water loss near VIT Main Gate.,Blocked drainage is causing waterlogging around VIT Main Gate.,Water & Utilities,Drainage & Flooding,12.8407,80.1538,12.84183923161336,80.15468489613819,2026-09-19T07:00:00,2026-09-03T13:00:00,related,
P0255,C0509,C0510,Water is escaping onto the road from a damaged pipe at Tambaram Railway Station.,Drain is blocked near Tambaram Railway Station.,Water & Utilities,Drainage & Flooding,12.9249,80.1,12.926464498075985,80.09844846892616,2026-09-16T11:00:00,2026-09-02T13:00:00,related,
P0256,C0511,C0512,Vehicles are struggling because of a pothole around Chromepet Bus Stand.,The light pole near Chromepet Bus Stand is damaged and the light is off.,Roads & Transport,Street Infrastructure,12.9516,80.1462,12.95337428375489,80.14577692662786,2026-09-13T08:00:00,2026-09-13T17:00:00,related,
P0257,C0513,C0514,The light pole near Chromepet Bus Stand is damaged and the light is off.,Large pothole reported near Chromepet Bus Stand.,Street Infrastructure,Roads & Transport,12.9516,80.1462,12.950442505064414,80.14633413055103,2026-09-17T18:00:00,2026-09-05T10:00:00,related,
P0258,C0515,C0516,Damaged section of road near VIT Main Gate needs repair.,The roadside drain is clogged near VIT Main Gate.,Roads & Transport,Drainage & Flooding,12.8407,80.1538,12.841324599487995,80.15396000322049,2026-09-18T20:00:00,2026-09-13T10:00:00,related,
P0259,C0517,C0518,Damaged section of road near Sholinganallur Junction needs repair.,A broken street light has been reported at Sholinganallur Junction.,Roads & Transport,Street Infrastructure,12.901,80.2279,12.900192339020062,80.22947467730009,2026-09-24T08:00:00,2026-09-25T07:00:00,related,
P0260,C0519,C0520,Garbage has been dumped near Camp Road.,Water is overflowing from the drain at Camp Road.,Waste & Cleanliness,Drainage & Flooding,12.9122,80.1395,12.91114189383866,80.13806322816713,2026-09-02T16:00:00,2026-09-15T17:00:00,related,
P0261,C0521,C0522,Vehicles are struggling because of a pothole around VIT Main Gate.,Waste is accumulating around Perungalathur Bus Stop.,Roads & Transport,Waste & Cleanliness,12.8407,80.1538,12.9048,80.091,2026-09-18T10:00:00,2026-09-25T20:00:00,independent,
P0262,C0523,C0524,Deep road crater causing problems for vehicles at GST Road.,Uncollected waste is causing a cleanliness issue near Velachery Main Road.,Roads & Transport,Waste & Cleanliness,12.9366,80.135,12.9815,80.218,2026-09-11T16:00:00,2026-09-20T19:00:00,independent,
P0263,C0525,C0526,Water is escaping onto the road from a damaged pipe at Velachery Main Road.,Waste is accumulating around Chromepet Bus Stand.,Water & Utilities,Waste & Cleanliness,12.9815,80.218,12.9516,80.1462,2026-09-14T11:00:00,2026-09-09T07:00:00,independent,
P0264,C0527,C0528,The roadside drain is clogged near Perungalathur Bus Stop.,Garbage has been dumped near GST Road.,Drainage & Flooding,Waste & Cleanliness,12.9048,80.091,12.9366,80.135,2026-09-12T17:00:00,2026-09-22T13:00:00,independent,
P0265,C0529,C0530,Blocked drainage is causing waterlogging around Perungalathur Bus Stop.,A burst pipe is causing water loss near Chromepet Bus Stand.,Drainage & Flooding,Water & Utilities,12.9048,80.091,12.9516,80.1462,2026-09-06T19:00:00,2026-09-18T14:00:00,independent,
P0266,C0531,C0532,A large pile of rubbish is present at Velachery Main Road.,Drain is blocked near Chromepet Bus Stand.,Waste & Cleanliness,Drainage & Flooding,12.9815,80.218,12.9516,80.1462,2026-09-18T13:00:00,2026-09-14T15:00:00,independent,
P0267,C0533,C0534,Blocked drainage is causing waterlogging around Perungalathur Bus Stop.,Waste is accumulating around Pallavaram Market.,Drainage & Flooding,Waste & Cleanliness,12.9048,80.091,12.9675,80.1491,2026-09-11T17:00:00,2026-09-03T14:00:00,independent,
P0268,C0535,C0536,Water is leaking from a pipe near GST Road.,Damaged section of road near Pallavaram Market needs repair.,Water & Utilities,Roads & Transport,12.9366,80.135,12.9675,80.1491,2026-09-13T17:00:00,2026-09-20T16:00:00,independent,
P0269,C0537,C0538,Road surface has broken badly close to Pallavaram Market.,Water is overflowing from the drain at Camp Road.,Roads & Transport,Drainage & Flooding,12.9675,80.1491,12.9122,80.1395,2026-09-16T10:00:00,2026-09-28T12:00:00,independent,
P0270,C0539,C0540,A burst pipe is causing water loss near Pallavaram Market.,Deep road crater causing problems for vehicles at Tambaram Railway Station.,Water & Utilities,Roads & Transport,12.9675,80.1491,12.9249,80.1,2026-09-20T18:00:00,2026-09-07T13:00:00,independent,
P0271,C0541,C0542,A large pile of rubbish is present at Velachery Main Road.,Water is escaping onto the road from a damaged pipe at Perungalathur Bus Stop.,Waste & Cleanliness,Water & Utilities,12.9815,80.218,12.9048,80.091,2026-09-12T11:00:00,2026-09-09T12:00:00,independent,
P0272,C0543,C0544,The roadside drain is clogged near Sholinganallur Junction.,The light pole near Tambaram Railway Station is damaged and the light is off.,Drainage & Flooding,Street Infrastructure,12.901,80.2279,12.9249,80.1,2026-09-07T12:00:00,2026-09-11T13:00:00,independent,
P0273,C0545,C0546,Damaged section of road near Chromepet Bus Stand needs repair.,Uncollected waste is causing a cleanliness issue near VIT Main Gate.,Roads & Transport,Waste & Cleanliness,12.9516,80.1462,12.8407,80.1538,2026-09-19T16:00:00,2026-09-24T13:00:00,independent,
P0274,C0547,C0548,A damaged water pipeline is leaking around Pallavaram Market.,A large pile of rubbish is present at Medavakkam Junction.,Water & Utilities,Waste & Cleanliness,12.9675,80.1491,12.9227,80.1927,2026-09-19T20:00:00,2026-09-08T14:00:00,independent,
P0275,C0549,C0550,The roadside drain is clogged near Velachery Main Road.,A burst pipe is causing water loss near Sholinganallur Junction.,Drainage & Flooding,Water & Utilities,12.9815,80.218,12.901,80.2279,2026-09-06T18:00:00,2026-09-26T12:00:00,independent,
P0276,C0551,C0552,Waste is accumulating around GST Road.,Drain overflow reported close to Sholinganallur Junction after rainfall.,Waste & Cleanliness,Drainage & Flooding,12.9366,80.135,12.901,80.2279,2026-09-02T15:00:00,2026-09-02T20:00:00,independent,
P0277,C0553,C0554,Deep road crater causing problems for vehicles at VIT Main Gate.,Water is overflowing from the drain at Perungalathur Bus Stop.,Roads & Transport,Drainage & Flooding,12.8407,80.1538,12.9048,80.091,2026-09-03T18:00:00,2026-09-05T07:00:00,independent,
P0278,C0555,C0556,Uncollected waste is causing a cleanliness issue near Medavakkam Junction.,A faulty streetlight is causing poor visibility near VIT Main Gate.,Waste & Cleanliness,Street Infrastructure,12.9227,80.1927,12.8407,80.1538,2026-09-16T17:00:00,2026-09-16T07:00:00,independent,
P0279,C0557,C0558,Damaged section of road near VIT Main Gate needs repair.,A faulty streetlight is causing poor visibility near GST Road.,Roads & Transport,Street Infrastructure,12.8407,80.1538,12.9366,80.135,2026-09-10T07:00:00,2026-09-17T20:00:00,independent,
P0280,C0559,C0560,A broken street light has been reported at Tambaram Railway Station.,Waste is accumulating around GST Road.,Street Infrastructure,Waste & Cleanliness,12.9249,80.1,12.9366,80.135,2026-09-07T16:00:00,2026-09-17T11:00:00,independent,
P0281,C0561,C0562,Continuous water leakage reported close to Perungalathur Bus Stop.,The roadside drain is clogged near Tambaram Railway Station.,Water & Utilities,Drainage & Flooding,12.9048,80.091,12.9249,80.1,2026-09-15T16:00:00,2026-09-08T18:00:00,independent,
P0282,C0563,C0564,Garbage has been dumped near Tambaram Railway Station.,A burst pipe is causing water loss near VIT Main Gate.,Waste & Cleanliness,Water & Utilities,12.9249,80.1,12.8407,80.1538,2026-09-13T13:00:00,2026-09-18T14:00:00,independent,
P0283,C0565,C0566,Vehicles are struggling because of a pothole around Chromepet Bus Stand.,The roadside drain is clogged near Tambaram Railway Station.,Roads & Transport,Drainage & Flooding,12.9516,80.1462,12.9249,80.1,2026-09-11T16:00:00,2026-09-28T08:00:00,independent,
P0284,C0567,C0568,The roadside drain is clogged near Pallavaram Market.,Damaged section of road near Camp Road needs repair.,Drainage & Flooding,Roads & Transport,12.9675,80.1491,12.9122,80.1395,2026-09-02T08:00:00,2026-09-22T11:00:00,independent,
P0285,C0569,C0570,Drain is blocked near Chromepet Bus Stand.,Deep road crater causing problems for vehicles at Medavakkam Junction.,Drainage & Flooding,Roads & Transport,12.9516,80.1462,12.9227,80.1927,2026-09-19T09:00:00,2026-09-25T20:00:00,independent,
P0286,C0571,C0572,A faulty streetlight is causing poor visibility near Velachery Main Road.,Deep road crater causing problems for vehicles at Chromepet Bus Stand.,Street Infrastructure,Roads & Transport,12.9815,80.218,12.9516,80.1462,2026-09-19T20:00:00,2026-09-28T13:00:00,independent,
P0287,C0573,C0574,Drain is blocked near Perungalathur Bus Stop.,Water is escaping onto the road from a damaged pipe at Chromepet Bus Stand.,Drainage & Flooding,Water & Utilities,12.9048,80.091,12.9516,80.1462,2026-09-12T07:00:00,2026-09-04T13:00:00,independent,
P0288,C0575,C0576,Uncollected waste is causing a cleanliness issue near Medavakkam Junction.,Road surface has broken badly close to Camp Road.,Waste & Cleanliness,Roads & Transport,12.9227,80.1927,12.9122,80.1395,2026-09-13T19:00:00,2026-09-11T07:00:00,independent,
P0289,C0577,C0578,Continuous water leakage reported close to Sholinganallur Junction.,A faulty streetlight is causing poor visibility near Pallavaram Market.,Water & Utilities,Street Infrastructure,12.901,80.2279,12.9675,80.1491,2026-09-13T13:00:00,2026-09-06T17:00:00,independent,
P0290,C0579,C0580,Blocked drainage is causing waterlogging around Tambaram Railway Station.,A broken street light has been reported at Camp Road.,Drainage & Flooding,Street Infrastructure,12.9249,80.1,12.9122,80.1395,2026-09-03T08:00:00,2026-09-09T09:00:00,independent,
P0291,C0581,C0582,The light pole near Perungalathur Bus Stop is damaged and the light is off.,Garbage has been dumped near Medavakkam Junction.,Street Infrastructure,Waste & Cleanliness,12.9048,80.091,12.9227,80.1927,2026-09-03T07:00:00,2026-09-10T14:00:00,independent,
P0292,C0583,C0584,Water is leaking from a pipe near Tambaram Railway Station.,Water is overflowing from the drain at Chromepet Bus Stand.,Water & Utilities,Drainage & Flooding,12.9249,80.1,12.9516,80.1462,2026-09-14T14:00:00,2026-09-18T15:00:00,independent,
P0293,C0585,C0586,Drain is blocked near Tambaram Railway Station.,The light pole near VIT Main Gate is damaged and the light is off.,Drainage & Flooding,Street Infrastructure,12.9249,80.1,12.8407,80.1538,2026-09-18T08:00:00,2026-09-20T16:00:00,independent,
P0294,C0587,C0588,A burst pipe is causing water loss near VIT Main Gate.,There is no working street lighting around Velachery Main Road.,Water & Utilities,Street Infrastructure,12.8407,80.1538,12.9815,80.218,2026-09-03T18:00:00,2026-09-18T10:00:00,independent,
P0295,C0589,C0590,Water is overflowing from the drain at Perungalathur Bus Stop.,The public bin is overflowing near Chromepet Bus Stand.,Drainage & Flooding,Waste & Cleanliness,12.9048,80.091,12.9516,80.1462,2026-09-10T11:00:00,2026-09-16T09:00:00,independent,
P0296,C0591,C0592,Vehicles are struggling because of a pothole around Perungalathur Bus Stop.,The public bin is overflowing near Velachery Main Road.,Roads & Transport,Waste & Cleanliness,12.9048,80.091,12.9815,80.218,2026-09-16T19:00:00,2026-09-03T12:00:00,independent,
P0297,C0593,C0594,Water is escaping onto the road from a damaged pipe at Sholinganallur Junction.,Waste is accumulating around Camp Road.,Water & Utilities,Waste & Cleanliness,12.901,80.2279,12.9122,80.1395,2026-09-15T08:00:00,2026-09-05T11:00:00,independent,
P0298,C0595,C0596,Vehicles are struggling because of a pothole around Medavakkam Junction.,The light pole near Camp Road is damaged and the light is off.,Roads & Transport,Street Infrastructure,12.9227,80.1927,12.9122,80.1395,2026-09-15T12:00:00,2026-09-14T20:00:00,independent,
P0299,C0597,C0598,Drain overflow reported close to Velachery Main Road after rainfall.,Waste is accumulating around Medavakkam Junction.,Drainage & Flooding,Waste & Cleanliness,12.9815,80.218,12.9227,80.1927,2026-09-16T12:00:00,2026-09-06T13:00:00,independent,
P0300,C0599,C0600,A damaged water pipeline is leaking around Sholinganallur Junction.,Blocked drainage is causing waterlogging around Camp Road.,Water & Utilities,Drainage & Flooding,12.901,80.2279,12.9122,80.1395,2026-09-13T11:00:00,2026-09-27T19:00:00,independent,
P0301,C0601,C0602,A broken street light has been reported at Tambaram Railway Station.,Water is escaping onto the road from a damaged pipe at Camp Road.,Street Infrastructure,Water & Utilities,12.9249,80.1,12.9122,80.1395,2026-09-18T09:00:00,2026-09-22T19:00:00,independent,
P0302,C0603,C0604,The roadside drain is clogged near Sholinganallur Junction.,Damaged section of road near Pallavaram Market needs repair.,Drainage & Flooding,Roads & Transport,12.901,80.2279,12.9675,80.1491,2026-09-03T20:00:00,2026-09-28T19:00:00,independent,
P0303,C0605,C0606,A broken street light has been reported at Chromepet Bus Stand.,Blocked drainage is causing waterlogging around Velachery Main Road.,Street Infrastructure,Drainage & Flooding,12.9516,80.1462,12.9815,80.218,2026-09-05T18:00:00,2026-09-14T19:00:00,independent,
P0304,C0607,C0608,There is no working street lighting around Sholinganallur Junction.,Road surface has broken badly close to Camp Road.,Street Infrastructure,Roads & Transport,12.901,80.2279,12.9122,80.1395,2026-09-13T15:00:00,2026-09-17T20:00:00,independent,
P0305,C0609,C0610,A faulty streetlight is causing poor visibility near Medavakkam Junction.,Large pothole reported near GST Road.,Street Infrastructure,Roads & Transport,12.9227,80.1927,12.9366,80.135,2026-09-04T19:00:00,2026-09-08T17:00:00,independent,
P0306,C0611,C0612,Water is escaping onto the road from a damaged pipe at Camp Road.,A large pile of rubbish is present at VIT Main Gate.,Water & Utilities,Waste & Cleanliness,12.9122,80.1395,12.8407,80.1538,2026-09-11T19:00:00,2026-09-14T08:00:00,independent,
P0307,C0613,C0614,Road surface has broken badly close to Velachery Main Road.,Drain overflow reported close to Pallavaram Market after rainfall.,Roads & Transport,Drainage & Flooding,12.9815,80.218,12.9675,80.1491,2026-09-18T16:00:00,2026-09-23T16:00:00,independent,
P0308,C0615,C0616,A large pile of rubbish is present at Medavakkam Junction.,A faulty streetlight is causing poor visibility near Perungalathur Bus Stop.,Waste & Cleanliness,Street Infrastructure,12.9227,80.1927,12.9048,80.091,2026-09-17T09:00:00,2026-09-12T07:00:00,independent,
P0309,C0617,C0618,Streetlight is not working near Velachery Main Road.,Large pothole reported near Perungalathur Bus Stop.,Street Infrastructure,Roads & Transport,12.9815,80.218,12.9048,80.091,2026-09-05T12:00:00,2026-09-10T12:00:00,independent,
P0310,C0619,C0620,The light pole near GST Road is damaged and the light is off.,A large pile of rubbish is present at Sholinganallur Junction.,Street Infrastructure,Waste & Cleanliness,12.9366,80.135,12.901,80.2279,2026-09-04T14:00:00,2026-09-24T18:00:00,independent,
P0311,C0621,C0622,Streetlight is not working near Tambaram Railway Station.,Water is leaking from a pipe near Velachery Main Road.,Street Infrastructure,Water & Utilities,12.9249,80.1,12.9815,80.218,2026-09-01T20:00:00,2026-09-11T17:00:00,independent,
P0312,C0623,C0624,Deep road crater causing problems for vehicles at Pallavaram Market.,Uncollected waste is causing a cleanliness issue near GST Road.,Roads & Transport,Waste & Cleanliness,12.9675,80.1491,12.9366,80.135,2026-09-06T12:00:00,2026-09-18T13:00:00,independent,
P0313,C0625,C0626,A broken street light has been reported at Perungalathur Bus Stop.,A large pile of rubbish is present at Chromepet Bus Stand.,Street Infrastructure,Waste & Cleanliness,12.9048,80.091,12.9516,80.1462,2026-09-13T07:00:00,2026-09-24T16:00:00,independent,
P0314,C0627,C0628,A large pile of rubbish is present at Camp Road.,Streetlight is not working near Perungalathur Bus Stop.,Waste & Cleanliness,Street Infrastructure,12.9122,80.1395,12.9048,80.091,2026-09-07T10:00:00,2026-09-09T19:00:00,independent,
P0315,C0629,C0630,Damaged section of road near GST Road needs repair.,Blocked drainage is causing waterlogging around Chromepet Bus Stand.,Roads & Transport,Drainage & Flooding,12.9366,80.135,12.9516,80.1462,2026-09-07T14:00:00,2026-09-04T11:00:00,independent,
P0316,C0631,C0632,A faulty streetlight is causing poor visibility near Camp Road.,A burst pipe is causing water loss near Perungalathur Bus Stop.,Street Infrastructure,Water & Utilities,12.9122,80.1395,12.9048,80.091,2026-09-19T08:00:00,2026-09-12T12:00:00,independent,
P0317,C0633,C0634,A faulty streetlight is causing poor visibility near Velachery Main Road.,Garbage has been dumped near Camp Road.,Street Infrastructure,Waste & Cleanliness,12.9815,80.218,12.9122,80.1395,2026-09-05T12:00:00,2026-09-04T10:00:00,independent,
P0318,C0635,C0636,A damaged water pipeline is leaking around Chromepet Bus Stand.,Road surface has broken badly close to Medavakkam Junction.,Water & Utilities,Roads & Transport,12.9516,80.1462,12.9227,80.1927,2026-09-13T13:00:00,2026-09-20T09:00:00,independent,
P0319,C0637,C0638,The roadside drain is clogged near Perungalathur Bus Stop.,A faulty streetlight is causing poor visibility near Chromepet Bus Stand.,Drainage & Flooding,Street Infrastructure,12.9048,80.091,12.9516,80.1462,2026-09-06T15:00:00,2026-09-06T14:00:00,independent,
P0320,C0639,C0640,A burst pipe is causing water loss near Chromepet Bus Stand.,Uncollected waste is causing a cleanliness issue near Medavakkam Junction.,Water & Utilities,Waste & Cleanliness,12.9516,80.1462,12.9227,80.1927,2026-09-02T20:00:00,2026-09-12T07:00:00,independent,
P0321,C0641,C0642,A faulty streetlight is causing poor visibility near Pallavaram Market.,Uncollected waste is causing a cleanliness issue near Perungalathur Bus Stop.,Street Infrastructure,Waste & Cleanliness,12.9675,80.1491,12.9048,80.091,2026-09-16T13:00:00,2026-09-22T14:00:00,independent,
P0322,C0643,C0644,Streetlight is not working near Sholinganallur Junction.,Drain overflow reported close to Chromepet Bus Stand after rainfall.,Street Infrastructure,Drainage & Flooding,12.901,80.2279,12.9516,80.1462,2026-09-01T19:00:00,2026-09-25T10:00:00,independent,
P0323,C0645,C0646,Water is escaping onto the road from a damaged pipe at Velachery Main Road.,Damaged section of road near Pallavaram Market needs repair.,Water & Utilities,Roads & Transport,12.9815,80.218,12.9675,80.1491,2026-09-06T19:00:00,2026-09-15T16:00:00,independent,
P0324,C0647,C0648,The light pole near Camp Road is damaged and the light is off.,Road surface has broken badly close to Tambaram Railway Station.,Street Infrastructure,Roads & Transport,12.9122,80.1395,12.9249,80.1,2026-09-12T15:00:00,2026-09-27T19:00:00,independent,
P0325,C0649,C0650,Vehicles are struggling because of a pothole around GST Road.,Streetlight is not working near Pallavaram Market.,Roads & Transport,Street Infrastructure,12.9366,80.135,12.9675,80.1491,2026-09-08T11:00:00,2026-09-28T07:00:00,independent,
P0326,C0651,C0652,There is no working street lighting around Medavakkam Junction.,Water is leaking from a pipe near Tambaram Railway Station.,Street Infrastructure,Water & Utilities,12.9227,80.1927,12.9249,80.1,2026-09-08T10:00:00,2026-09-26T18:00:00,independent,
P0327,C0653,C0654,Water is overflowing from the drain at Camp Road.,Water is escaping onto the road from a damaged pipe at Perungalathur Bus Stop.,Drainage & Flooding,Water & Utilities,12.9122,80.1395,12.9048,80.091,2026-09-05T19:00:00,2026-09-07T20:00:00,independent,
P0328,C0655,C0656,Uncollected waste is causing a cleanliness issue near Camp Road.,Damaged section of road near Medavakkam Junction needs repair.,Waste & Cleanliness,Roads & Transport,12.9122,80.1395,12.9227,80.1927,2026-09-20T15:00:00,2026-09-06T12:00:00,independent,
P0329,C0657,C0658,Water is escaping onto the road from a damaged pipe at Camp Road.,Drain is blocked near Velachery Main Road.,Water & Utilities,Drainage & Flooding,12.9122,80.1395,12.9815,80.218,2026-09-05T19:00:00,2026-09-26T13:00:00,independent,
P0330,C0659,C0660,Deep road crater causing problems for vehicles at Chromepet Bus Stand.,Continuous water leakage reported close to Pallavaram Market.,Roads & Transport,Water & Utilities,12.9516,80.1462,12.9675,80.1491,2026-09-08T19:00:00,2026-09-27T17:00:00,independent,
P0331,C0661,C0662,The light pole near Chromepet Bus Stand is damaged and the light is off.,The roadside drain is clogged near Camp Road.,Street Infrastructure,Drainage & Flooding,12.9516,80.1462,12.9122,80.1395,2026-09-13T14:00:00,2026-09-03T17:00:00,independent,
P0332,C0663,C0664,Damaged section of road near GST Road needs repair.,There is no working street lighting around Velachery Main Road.,Roads & Transport,Street Infrastructure,12.9366,80.135,12.9815,80.218,2026-09-16T12:00:00,2026-09-19T07:00:00,independent,
P0333,C0665,C0666,Road surface has broken badly close to Medavakkam Junction.,There is no working street lighting around Tambaram Railway Station.,Roads & Transport,Street Infrastructure,12.9227,80.1927,12.9249,80.1,2026-09-07T13:00:00,2026-09-27T10:00:00,independent,
P0334,C0667,C0668,The light pole near Medavakkam Junction is damaged and the light is off.,Water is escaping onto the road from a damaged pipe at Velachery Main Road.,Street Infrastructure,Water & Utilities,12.9227,80.1927,12.9815,80.218,2026-09-19T09:00:00,2026-09-19T20:00:00,independent,
P0335,C0669,C0670,There is no working street lighting around VIT Main Gate.,Water is leaking from a pipe near Tambaram Railway Station.,Street Infrastructure,Water & Utilities,12.8407,80.1538,12.9249,80.1,2026-09-04T20:00:00,2026-09-06T14:00:00,independent,
P0336,C0671,C0672,A broken street light has been reported at Perungalathur Bus Stop.,Damaged section of road near Pallavaram Market needs repair.,Street Infrastructure,Roads & Transport,12.9048,80.091,12.9675,80.1491,2026-09-06T20:00:00,2026-09-09T08:00:00,independent,
P0337,C0673,C0674,A damaged water pipeline is leaking around Tambaram Railway Station.,Drain is blocked near Medavakkam Junction.,Water & Utilities,Drainage & Flooding,12.9249,80.1,12.9227,80.1927,2026-09-13T17:00:00,2026-09-10T18:00:00,independent,
P0338,C0675,C0676,Waste is accumulating around Tambaram Railway Station.,There is no working street lighting around VIT Main Gate.,Waste & Cleanliness,Street Infrastructure,12.9249,80.1,12.8407,80.1538,2026-09-03T09:00:00,2026-09-19T10:00:00,independent,
P0339,C0677,C0678,Drain is blocked near VIT Main Gate.,There is no working street lighting around Medavakkam Junction.,Drainage & Flooding,Street Infrastructure,12.8407,80.1538,12.9227,80.1927,2026-09-05T14:00:00,2026-09-03T10:00:00,independent,
P0340,C0679,C0680,The light pole near Tambaram Railway Station is damaged and the light is off.,Damaged section of road near Medavakkam Junction needs repair.,Street Infrastructure,Roads & Transport,12.9249,80.1,12.9227,80.1927,2026-09-05T13:00:00,2026-09-25T20:00:00,independent,
P0341,C0681,C0682,Uncollected waste is causing a cleanliness issue near Tambaram Railway Station.,Drain is blocked near GST Road.,Waste & Cleanliness,Drainage & Flooding,12.9249,80.1,12.9366,80.135,2026-09-20T17:00:00,2026-09-06T14:00:00,independent,
P0342,C0683,C0684,Water is escaping onto the road from a damaged pipe at Chromepet Bus Stand.,A large pile of rubbish is present at Perungalathur Bus Stop.,Water & Utilities,Waste & Cleanliness,12.9516,80.1462,12.9048,80.091,2026-09-07T08:00:00,2026-09-04T09:00:00,independent,
P0343,C0685,C0686,Damaged section of road near Medavakkam Junction needs repair.,A broken street light has been reported at Perungalathur Bus Stop.,Roads & Transport,Street Infrastructure,12.9227,80.1927,12.9048,80.091,2026-09-08T11:00:00,2026-09-21T08:00:00,independent,
P0344,C0687,C0688,Waste is accumulating around VIT Main Gate.,Water is escaping onto the road from a damaged pipe at Velachery Main Road.,Waste & Cleanliness,Water & Utilities,12.8407,80.1538,12.9815,80.218,2026-09-20T15:00:00,2026-09-07T18:00:00,independent,
P0345,C0689,C0690,There is no working street lighting around VIT Main Gate.,A burst pipe is causing water loss near Pallavaram Market.,Street Infrastructure,Water & Utilities,12.8407,80.1538,12.9675,80.1491,2026-09-04T10:00:00,2026-09-16T17:00:00,independent,
P0346,C0691,C0692,Blocked drainage is causing waterlogging around GST Road.,Damaged section of road near VIT Main Gate needs repair.,Drainage & Flooding,Roads & Transport,12.9366,80.135,12.8407,80.1538,2026-09-05T13:00:00,2026-09-28T20:00:00,independent,
P0347,C0693,C0694,Water is overflowing from the drain at Medavakkam Junction.,There is no working street lighting around GST Road.,Drainage & Flooding,Street Infrastructure,12.9227,80.1927,12.9366,80.135,2026-09-03T07:00:00,2026-09-19T08:00:00,independent,
P0348,C0695,C0696,Large pothole reported near Pallavaram Market.,A burst pipe is causing water loss near VIT Main Gate.,Roads & Transport,Water & Utilities,12.9675,80.1491,12.8407,80.1538,2026-09-17T11:00:00,2026-09-21T18:00:00,independent,
P0349,C0697,C0698,Drain overflow reported close to Perungalathur Bus Stop after rainfall.,A faulty streetlight is causing poor visibility near Tambaram Railway Station.,Drainage & Flooding,Street Infrastructure,12.9048,80.091,12.9249,80.1,2026-09-20T09:00:00,2026-09-09T08:00:00,independent,
P0350,C0699,C0700,A damaged water pipeline is leaking around GST Road.,Road surface has broken badly close to Pallavaram Market.,Water & Utilities,Roads & Transport,12.9366,80.135,12.9675,80.1491,2026-09-11T13:00:00,2026-09-19T17:00:00,independent,
P0351,C0701,C0702,Large pothole reported near Perungalathur Bus Stop.,A damaged water pipeline is leaking around Pallavaram Market.,Roads & Transport,Water & Utilities,12.9048,80.091,12.9675,80.1491,2026-09-03T13:00:00,2026-09-04T14:00:00,independent,
P0352,C0703,C0704,Drain is blocked near Velachery Main Road.,Large pothole reported near Chromepet Bus Stand.,Drainage & Flooding,Roads & Transport,12.9815,80.218,12.9516,80.1462,2026-09-05T18:00:00,2026-09-01T09:00:00,independent,
P0353,C0705,C0706,A broken street light has been reported at GST Road.,Continuous water leakage reported close to Velachery Main Road.,Street Infrastructure,Water & Utilities,12.9366,80.135,12.9815,80.218,2026-09-05T18:00:00,2026-09-25T20:00:00,independent,
P0354,C0707,C0708,A burst pipe is causing water loss near VIT Main Gate.,Damaged section of road near Medavakkam Junction needs repair.,Water & Utilities,Roads & Transport,12.8407,80.1538,12.9227,80.1927,2026-09-17T08:00:00,2026-09-09T18:00:00,independent,
P0355,C0709,C0710,Blocked drainage is causing waterlogging around Sholinganallur Junction.,Large pothole reported near GST Road.,Drainage & Flooding,Roads & Transport,12.901,80.2279,12.9366,80.135,2026-09-16T20:00:00,2026-09-19T09:00:00,independent,
P0356,C0711,C0712,Water is escaping onto the road from a damaged pipe at Velachery Main Road.,Garbage has been dumped near Tambaram Railway Station.,Water & Utilities,Waste & Cleanliness,12.9815,80.218,12.9249,80.1,2026-09-08T18:00:00,2026-09-17T07:00:00,independent,
P0357,C0713,C0714,Vehicles are struggling because of a pothole around Pallavaram Market.,Blocked drainage is causing waterlogging around VIT Main Gate.,Roads & Transport,Drainage & Flooding,12.9675,80.1491,12.8407,80.1538,2026-09-13T09:00:00,2026-09-06T20:00:00,independent,
P0358,C0715,C0716,Deep road crater causing problems for vehicles at Pallavaram Market.,There is no working street lighting around Medavakkam Junction.,Roads & Transport,Street Infrastructure,12.9675,80.1491,12.9227,80.1927,2026-09-11T11:00:00,2026-09-27T08:00:00,independent,
P0359,C0717,C0718,Drain is blocked near Tambaram Railway Station.,A damaged water pipeline is leaking around GST Road.,Drainage & Flooding,Water & Utilities,12.9249,80.1,12.9366,80.135,2026-09-08T19:00:00,2026-09-17T07:00:00,independent,
P0360,C0719,C0720,The light pole near Sholinganallur Junction is damaged and the light is off.,Damaged section of road near Velachery Main Road needs repair.,Street Infrastructure,Roads & Transport,12.901,80.2279,12.9815,80.218,2026-09-03T15:00:00,2026-09-15T07:00:00,independent,
P0361,C0721,C0722,Continuous water leakage reported close to Velachery Main Road.,Uncollected waste is causing a cleanliness issue near Camp Road.,Water & Utilities,Waste & Cleanliness,12.9815,80.218,12.9122,80.1395,2026-09-08T14:00:00,2026-09-12T16:00:00,independent,
P0362,C0723,C0724,A broken street light has been reported at GST Road.,Garbage has been dumped near Pallavaram Market.,Street Infrastructure,Waste & Cleanliness,12.9366,80.135,12.9675,80.1491,2026-09-14T07:00:00,2026-09-08T15:00:00,independent,
P0363,C0725,C0726,A burst pipe is causing water loss near Medavakkam Junction.,Damaged section of road near VIT Main Gate needs repair.,Water & Utilities,Roads & Transport,12.9227,80.1927,12.8407,80.1538,2026-09-04T10:00:00,2026-09-17T10:00:00,independent,
P0364,C0727,C0728,The light pole near VIT Main Gate is damaged and the light is off.,Drain is blocked near Chromepet Bus Stand.,Street Infrastructure,Drainage & Flooding,12.8407,80.1538,12.9516,80.1462,2026-09-02T10:00:00,2026-09-28T15:00:00,independent,
P0365,C0729,C0730,A faulty streetlight is causing poor visibility near Sholinganallur Junction.,Water is leaking from a pipe near Tambaram Railway Station.,Street Infrastructure,Water & Utilities,12.901,80.2279,12.9249,80.1,2026-09-17T09:00:00,2026-09-21T20:00:00,independent,
P0366,C0731,C0732,There is no working street lighting around Camp Road.,Deep road crater causing problems for vehicles at VIT Main Gate.,Street Infrastructure,Roads & Transport,12.9122,80.1395,12.8407,80.1538,2026-09-08T11:00:00,2026-09-09T20:00:00,independent,
P0367,C0733,C0734,Continuous water leakage reported close to Medavakkam Junction.,A broken street light has been reported at Sholinganallur Junction.,Water & Utilities,Street Infrastructure,12.9227,80.1927,12.901,80.2279,2026-09-03T10:00:00,2026-09-05T19:00:00,independent,
P0368,C0735,C0736,Water is overflowing from the drain at Chromepet Bus Stand.,Vehicles are struggling because of a pothole around Tambaram Railway Station.,Drainage & Flooding,Roads & Transport,12.9516,80.1462,12.9249,80.1,2026-09-15T12:00:00,2026-09-14T08:00:00,independent,
P0369,C0737,C0738,Blocked drainage is causing waterlogging around Pallavaram Market.,A burst pipe is causing water loss near Sholinganallur Junction.,Drainage & Flooding,Water & Utilities,12.9675,80.1491,12.901,80.2279,2026-09-09T20:00:00,2026-09-04T08:00:00,independent,
P0370,C0739,C0740,Waste is accumulating around Camp Road.,Continuous water leakage reported close to VIT Main Gate.,Waste & Cleanliness,Water & Utilities,12.9122,80.1395,12.8407,80.1538,2026-09-05T08:00:00,2026-09-23T10:00:00,independent,
P0371,C0741,C0742,Continuous water leakage reported close to GST Road.,The light pole near VIT Main Gate is damaged and the light is off.,Water & Utilities,Street Infrastructure,12.9366,80.135,12.8407,80.1538,2026-09-06T07:00:00,2026-09-13T20:00:00,independent,
P0372,C0743,C0744,Streetlight is not working near Tambaram Railway Station.,Waste is accumulating around Sholinganallur Junction.,Street Infrastructure,Waste & Cleanliness,12.9249,80.1,12.901,80.2279,2026-09-04T07:00:00,2026-09-02T20:00:00,independent,
P0373,C0745,C0746,The public bin is overflowing near Pallavaram Market.,Drain is blocked near Perungalathur Bus Stop.,Waste & Cleanliness,Drainage & Flooding,12.9675,80.1491,12.9048,80.091,2026-09-19T16:00:00,2026-09-09T20:00:00,independent,
P0374,C0747,C0748,Vehicles are struggling because of a pothole around Tambaram Railway Station.,Water is overflowing from the drain at Pallavaram Market.,Roads & Transport,Drainage & Flooding,12.9249,80.1,12.9675,80.1491,2026-09-03T20:00:00,2026-09-27T19:00:00,independent,
P0375,C0749,C0750,Water is leaking from a pipe near VIT Main Gate.,Deep road crater causing problems for vehicles at Sholinganallur Junction.,Water & Utilities,Roads & Transport,12.8407,80.1538,12.901,80.2279,2026-09-19T13:00:00,2026-09-27T18:00:00,independent,
P0376,C0751,C0752,There is no working street lighting around VIT Main Gate.,Water is overflowing from the drain at Perungalathur Bus Stop.,Street Infrastructure,Drainage & Flooding,12.8407,80.1538,12.9048,80.091,2026-09-12T10:00:00,2026-09-06T11:00:00,independent,
P0377,C0753,C0754,Water is escaping onto the road from a damaged pipe at Chromepet Bus Stand.,A faulty streetlight is causing poor visibility near VIT Main Gate.,Water & Utilities,Street Infrastructure,12.9516,80.1462,12.8407,80.1538,2026-09-20T10:00:00,2026-09-21T11:00:00,independent,
P0378,C0755,C0756,Streetlight is not working near GST Road.,Drain is blocked near Sholinganallur Junction.,Street Infrastructure,Drainage & Flooding,12.9366,80.135,12.901,80.2279,2026-09-09T13:00:00,2026-09-05T13:00:00,independent,
P0379,C0757,C0758,A large pile of rubbish is present at GST Road.,Blocked drainage is causing waterlogging around VIT Main Gate.,Waste & Cleanliness,Drainage & Flooding,12.9366,80.135,12.8407,80.1538,2026-09-16T15:00:00,2026-09-26T14:00:00,independent,
P0380,C0759,C0760,A damaged water pipeline is leaking around Perungalathur Bus Stop.,Drain is blocked near Velachery Main Road.,Water & Utilities,Drainage & Flooding,12.9048,80.091,12.9815,80.218,2026-09-11T16:00:00,2026-09-08T07:00:00,independent,
P0381,C0761,C0762,Continuous water leakage reported close to Sholinganallur Junction.,Road surface has broken badly close to GST Road.,Water & Utilities,Roads & Transport,12.901,80.2279,12.9366,80.135,2026-09-08T09:00:00,2026-09-04T10:00:00,independent,
P0382,C0763,C0764,Waste is accumulating around GST Road.,Water is escaping onto the road from a damaged pipe at VIT Main Gate.,Waste & Cleanliness,Water & Utilities,12.9366,80.135,12.8407,80.1538,2026-09-13T12:00:00,2026-09-27T20:00:00,independent,
P0383,C0765,C0766,The public bin is overflowing near Pallavaram Market.,Blocked drainage is causing waterlogging around Camp Road.,Waste & Cleanliness,Drainage & Flooding,12.9675,80.1491,12.9122,80.1395,2026-09-19T07:00:00,2026-09-23T18:00:00,independent,
P0384,C0767,C0768,A burst pipe is causing water loss near Camp Road.,Uncollected waste is causing a cleanliness issue near Pallavaram Market.,Water & Utilities,Waste & Cleanliness,12.9122,80.1395,12.9675,80.1491,2026-09-10T09:00:00,2026-09-16T07:00:00,independent,
P0385,C0769,C0770,Deep road crater causing problems for vehicles at Pallavaram Market.,Drain is blocked near Camp Road.,Roads & Transport,Drainage & Flooding,12.9675,80.1491,12.9122,80.1395,2026-09-17T14:00:00,2026-09-01T12:00:00,independent,
P0386,C0771,C0772,Water is overflowing from the drain at Chromepet Bus Stand.,The public bin is overflowing near Medavakkam Junction.,Drainage & Flooding,Waste & Cleanliness,12.9516,80.1462,12.9227,80.1927,2026-09-02T07:00:00,2026-09-05T16:00:00,independent,
P0387,C0773,C0774,Garbage has been dumped near GST Road.,Damaged section of road near Medavakkam Junction needs repair.,Waste & Cleanliness,Roads & Transport,12.9366,80.135,12.9227,80.1927,2026-09-13T16:00:00,2026-09-04T12:00:00,independent,
P0388,C0775,C0776,A burst pipe is causing water loss near Chromepet Bus Stand.,Blocked drainage is causing waterlogging around Perungalathur Bus Stop.,Water & Utilities,Drainage & Flooding,12.9516,80.1462,12.9048,80.091,2026-09-06T18:00:00,2026-09-18T18:00:00,independent,
P0389,C0777,C0778,Water is overflowing from the drain at Pallavaram Market.,A burst pipe is causing water loss near Camp Road.,Drainage & Flooding,Water & Utilities,12.9675,80.1491,12.9122,80.1395,2026-09-10T18:00:00,2026-09-23T11:00:00,independent,
P0390,C0779,C0780,A large pile of rubbish is present at VIT Main Gate.,Drain overflow reported close to Camp Road after rainfall.,Waste & Cleanliness,Drainage & Flooding,12.8407,80.1538,12.9122,80.1395,2026-09-02T09:00:00,2026-09-20T12:00:00,independent,
P0391,C0781,C0782,The roadside drain is clogged near Camp Road.,Waste is accumulating around Tambaram Railway Station.,Drainage & Flooding,Waste & Cleanliness,12.9122,80.1395,12.9249,80.1,2026-09-11T18:00:00,2026-09-03T10:00:00,independent,
P0392,C0783,C0784,Continuous water leakage reported close to Chromepet Bus Stand.,The roadside drain is clogged near Tambaram Railway Station.,Water & Utilities,Drainage & Flooding,12.9516,80.1462,12.9249,80.1,2026-09-01T11:00:00,2026-09-07T10:00:00,independent,
P0393,C0785,C0786,Large pothole reported near Velachery Main Road.,Water is leaking from a pipe near Tambaram Railway Station.,Roads & Transport,Water & Utilities,12.9815,80.218,12.9249,80.1,2026-09-13T14:00:00,2026-09-24T13:00:00,independent,
P0394,C0787,C0788,The public bin is overflowing near Sholinganallur Junction.,A faulty streetlight is causing poor visibility near Perungalathur Bus Stop.,Waste & Cleanliness,Street Infrastructure,12.901,80.2279,12.9048,80.091,2026-09-13T08:00:00,2026-09-27T14:00:00,independent,
P0395,C0789,C0790,Drain is blocked near Chromepet Bus Stand.,Garbage has been dumped near Sholinganallur Junction.,Drainage & Flooding,Waste & Cleanliness,12.9516,80.1462,12.901,80.2279,2026-09-10T07:00:00,2026-09-11T11:00:00,independent,
P0396,C0791,C0792,Vehicles are struggling because of a pothole around Medavakkam Junction.,Water is overflowing from the drain at Chromepet Bus Stand.,Roads & Transport,Drainage & Flooding,12.9227,80.1927,12.9516,80.1462,2026-09-03T15:00:00,2026-09-03T12:00:00,independent,
P0397,C0793,C0794,Water is overflowing from the drain at VIT Main Gate.,A faulty streetlight is causing poor visibility near Perungalathur Bus Stop.,Drainage & Flooding,Street Infrastructure,12.8407,80.1538,12.9048,80.091,2026-09-14T09:00:00,2026-09-02T08:00:00,independent,
P0398,C0795,C0796,Water is escaping onto the road from a damaged pipe at Pallavaram Market.,Uncollected waste is causing a cleanliness issue near Perungalathur Bus Stop.,Water & Utilities,Waste & Cleanliness,12.9675,80.1491,12.9048,80.091,2026-09-09T17:00:00,2026-09-10T11:00:00,independent,
P0399,C0797,C0798,Uncollected waste is causing a cleanliness issue near VIT Main Gate.,Road surface has broken badly close to Perungalathur Bus Stop.,Waste & Cleanliness,Roads & Transport,12.8407,80.1538,12.9048,80.091,2026-09-16T09:00:00,2026-09-02T12:00:00,independent,
P0400,C0799,C0800,Road surface has broken badly close to Tambaram Railway Station.,There is no working street lighting around Velachery Main Road.,Roads & Transport,Street Infrastructure,12.9249,80.1,12.9815,80.218,2026-09-07T08:00:00,2026-09-01T10:00:00,independent,
